"indicator","sex","given","l","m","s"
"wfh",1,45,-0.3521,2.441,0.09182
"wfh",1,45.1,-0.3521,2.4577,0.09176
"wfh",1,45.2,-0.3521,2.4744,0.0917
"wfh",1,45.3,-0.3521,2.4911,0.09164
"wfh",1,45.4,-0.3521,2.5078,0.09159
"wfh",1,45.5,-0.3521,2.5244,0.09153
"wfh",1,45.6,-0.3521,2.5411,0.09147
"wfh",1,45.7,-0.3521,2.5578,0.09141
"wfh",1,45.8,-0.3521,2.5744,0.09135
"wfh",1,45.9,-0.3521,2.5911,0.09129
"wfh",1,46,-0.3521,2.6077,0.09124
"wfh",1,46.1,-0.3521,2.6244,0.09118
"wfh",1,46.2,-0.3521,2.6411,0.09112
"wfh",1,46.3,-0.3521,2.6578,0.09106
"wfh",1,46.4,-0.3521,2.6745,0.091
"wfh",1,46.5,-0.3521,2.6913,0.09094
"wfh",1,46.6,-0.3521,2.7081,0.09088
"wfh",1,46.7,-0.3521,2.7249,0.09083
"wfh",1,46.8,-0.3521,2.7417,0.09077
"wfh",1,46.9,-0.3521,2.7586,0.09071
"wfh",1,47,-0.3521,2.7755,0.09065
"wfh",1,47.1,-0.3521,2.7925,0.09059
"wfh",1,47.2,-0.3521,2.8095,0.09053
"wfh",1,47.3,-0.3521,2.8266,0.09047
"wfh",1,47.4,-0.3521,2.8437,0.09042
"wfh",1,47.5,-0.3521,2.8609,0.09036
"wfh",1,47.6,-0.3521,2.8782,0.0903
"wfh",1,47.7,-0.3521,2.8955,0.09024
"wfh",1,47.8,-0.3521,2.9129,0.09018
"wfh",1,47.9,-0.3521,2.9304,0.09012
"wfh",1,48,-0.3521,2.948,0.09007
"wfh",1,48.1,-0.3521,2.9657,0.09001
"wfh",1,48.2,-0.3521,2.9835,0.08995
"wfh",1,48.3,-0.3521,3.0014,0.08989
"wfh",1,48.4,-0.3521,3.0195,0.08983
"wfh",1,48.5,-0.3521,3.0377,0.08977
"wfh",1,48.6,-0.3521,3.056,0.08972
"wfh",1,48.7,-0.3521,3.0745,0.08966
"wfh",1,48.8,-0.3521,3.0931,0.0896
"wfh",1,48.9,-0.3521,3.1119,0.08954
"wfh",1,49,-0.3521,3.1308,0.08948
"wfh",1,49.1,-0.3521,3.1499,0.08943
"wfh",1,49.2,-0.3521,3.1691,0.08937
"wfh",1,49.3,-0.3521,3.1884,0.08931
"wfh",1,49.4,-0.3521,3.2079,0.08925
"wfh",1,49.5,-0.3521,3.2276,0.08919
"wfh",1,49.6,-0.3521,3.2473,0.08913
"wfh",1,49.7,-0.3521,3.2672,0.08908
"wfh",1,49.8,-0.3521,3.2873,0.08902
"wfh",1,49.9,-0.3521,3.3075,0.08896
"wfh",1,50,-0.3521,3.3278,0.0889
"wfh",1,50.1,-0.3521,3.3482,0.08884
"wfh",1,50.2,-0.3521,3.3688,0.08878
"wfh",1,50.3,-0.3521,3.3894,0.08872
"wfh",1,50.4,-0.3521,3.4102,0.08867
"wfh",1,50.5,-0.3521,3.4311,0.08861
"wfh",1,50.6,-0.3521,3.4522,0.08855
"wfh",1,50.7,-0.3521,3.4733,0.08849
"wfh",1,50.8,-0.3521,3.4946,0.08843
"wfh",1,50.9,-0.3521,3.5161,0.08837
"wfh",1,51,-0.3521,3.5376,0.08831
"wfh",1,51.1,-0.3521,3.5593,0.08825
"wfh",1,51.2,-0.3521,3.5812,0.08819
"wfh",1,51.3,-0.3521,3.6032,0.08813
"wfh",1,51.4,-0.3521,3.6254,0.08807
"wfh",1,51.5,-0.3521,3.6477,0.08801
"wfh",1,51.6,-0.3521,3.6702,0.08795
"wfh",1,51.7,-0.3521,3.6929,0.08789
"wfh",1,51.8,-0.3521,3.7157,0.08783
"wfh",1,51.9,-0.3521,3.7388,0.08777
"wfh",1,52,-0.3521,3.762,0.08771
"wfh",1,52.1,-0.3521,3.7855,0.08765
"wfh",1,52.2,-0.3521,3.8092,0.08759
"wfh",1,52.3,-0.3521,3.833,0.08753
"wfh",1,52.4,-0.3521,3.8571,0.08747
"wfh",1,52.5,-0.3521,3.8814,0.08741
"wfh",1,52.6,-0.3521,3.9059,0.08735
"wfh",1,52.7,-0.3521,3.9306,0.08729
"wfh",1,52.8,-0.3521,3.9555,0.08723
"wfh",1,52.9,-0.3521,3.9806,0.08717
"wfh",1,53,-0.3521,4.006,0.08711
"wfh",1,53.1,-0.3521,4.0315,0.08705
"wfh",1,53.2,-0.3521,4.0572,0.08699
"wfh",1,53.3,-0.3521,4.0831,0.08693
"wfh",1,53.4,-0.3521,4.1092,0.08687
"wfh",1,53.5,-0.3521,4.1354,0.08681
"wfh",1,53.6,-0.3521,4.1619,0.08675
"wfh",1,53.7,-0.3521,4.1885,0.08669
"wfh",1,53.8,-0.3521,4.2153,0.08663
"wfh",1,53.9,-0.3521,4.2422,0.08657
"wfh",1,54,-0.3521,4.2693,0.08651
"wfh",1,54.1,-0.3521,4.2965,0.08645
"wfh",1,54.2,-0.3521,4.3239,0.08639
"wfh",1,54.3,-0.3521,4.3513,0.08633
"wfh",1,54.4,-0.3521,4.3789,0.08627
"wfh",1,54.5,-0.3521,4.4066,0.08621
"wfh",1,54.6,-0.3521,4.4344,0.08615
"wfh",1,54.7,-0.3521,4.4623,0.0861
"wfh",1,54.8,-0.3521,4.4903,0.08604
"wfh",1,54.9,-0.3521,4.5185,0.08598
"wfh",1,55,-0.3521,4.5467,0.08592
"wfh",1,55.1,-0.3521,4.575,0.08586
"wfh",1,55.2,-0.3521,4.6034,0.0858
"wfh",1,55.3,-0.3521,4.6319,0.08575
"wfh",1,55.4,-0.3521,4.6605,0.08569
"wfh",1,55.5,-0.3521,4.6892,0.08563
"wfh",1,55.6,-0.3521,4.718,0.08558
"wfh",1,55.7,-0.3521,4.7469,0.08552
"wfh",1,55.8,-0.3521,4.7758,0.08546
"wfh",1,55.9,-0.3521,4.8048,0.08541
"wfh",1,56,-0.3521,4.8338,0.08535
"wfh",1,56.1,-0.3521,4.8629,0.08529
"wfh",1,56.2,-0.3521,4.892,0.08524
"wfh",1,56.3,-0.3521,4.9212,0.08518
"wfh",1,56.4,-0.3521,4.9504,0.08513
"wfh",1,56.5,-0.3521,4.9796,0.08507
"wfh",1,56.6,-0.3521,5.0088,0.08502
"wfh",1,56.7,-0.3521,5.0381,0.08497
"wfh",1,56.8,-0.3521,5.0673,0.08491
"wfh",1,56.9,-0.3521,5.0966,0.08486
"wfh",1,57,-0.3521,5.1259,0.08481
"wfh",1,57.1,-0.3521,5.1551,0.08475
"wfh",1,57.2,-0.3521,5.1844,0.0847
"wfh",1,57.3,-0.3521,5.2137,0.08465
"wfh",1,57.4,-0.3521,5.2429,0.0846
"wfh",1,57.5,-0.3521,5.2721,0.08455
"wfh",1,57.6,-0.3521,5.3014,0.08449
"wfh",1,57.7,-0.3521,5.3306,0.08444
"wfh",1,57.8,-0.3521,5.3598,0.08439
"wfh",1,57.9,-0.3521,5.3889,0.08434
"wfh",1,58,-0.3521,5.418,0.0843
"wfh",1,58.1,-0.3521,5.4471,0.08425
"wfh",1,58.2,-0.3521,5.4762,0.0842
"wfh",1,58.3,-0.3521,5.5053,0.08415
"wfh",1,58.4,-0.3521,5.5343,0.0841
"wfh",1,58.5,-0.3521,5.5632,0.08406
"wfh",1,58.6,-0.3521,5.5922,0.08401
"wfh",1,58.7,-0.3521,5.621,0.08397
"wfh",1,58.8,-0.3521,5.6499,0.08392
"wfh",1,58.9,-0.3521,5.6787,0.08388
"wfh",1,59,-0.3521,5.7074,0.08383
"wfh",1,59.1,-0.3521,5.7361,0.08379
"wfh",1,59.2,-0.3521,5.7647,0.08375
"wfh",1,59.3,-0.3521,5.7933,0.0837
"wfh",1,59.4,-0.3521,5.8217,0.08366
"wfh",1,59.5,-0.3521,5.8501,0.08362
"wfh",1,59.6,-0.3521,5.8784,0.08358
"wfh",1,59.7,-0.3521,5.9067,0.08354
"wfh",1,59.8,-0.3521,5.9348,0.0835
"wfh",1,59.9,-0.3521,5.9628,0.08346
"wfh",1,60,-0.3521,5.9907,0.08342
"wfh",1,60.1,-0.3521,6.0185,0.08339
"wfh",1,60.2,-0.3521,6.0461,0.08335
"wfh",1,60.3,-0.3521,6.0737,0.08331
"wfh",1,60.4,-0.3521,6.1011,0.08328
"wfh",1,60.5,-0.3521,6.1284,0.08324
"wfh",1,60.6,-0.3521,6.1556,0.08321
"wfh",1,60.7,-0.3521,6.1827,0.08317
"wfh",1,60.8,-0.3521,6.2096,0.08314
"wfh",1,60.9,-0.3521,6.2365,0.08311
"wfh",1,61,-0.3521,6.2632,0.08308
"wfh",1,61.1,-0.3521,6.2899,0.08304
"wfh",1,61.2,-0.3521,6.3164,0.08301
"wfh",1,61.3,-0.3521,6.3428,0.08298
"wfh",1,61.4,-0.3521,6.3692,0.08295
"wfh",1,61.5,-0.3521,6.3954,0.08292
"wfh",1,61.6,-0.3521,6.4215,0.0829
"wfh",1,61.7,-0.3521,6.4475,0.08287
"wfh",1,61.8,-0.3521,6.4735,0.08284
"wfh",1,61.9,-0.3521,6.4993,0.08281
"wfh",1,62,-0.3521,6.5251,0.08279
"wfh",1,62.1,-0.3521,6.5508,0.08276
"wfh",1,62.2,-0.3521,6.5764,0.08273
"wfh",1,62.3,-0.3521,6.6019,0.08271
"wfh",1,62.4,-0.3521,6.6273,0.08268
"wfh",1,62.5,-0.3521,6.6527,0.08266
"wfh",1,62.6,-0.3521,6.678,0.08264
"wfh",1,62.7,-0.3521,6.7033,0.08261
"wfh",1,62.8,-0.3521,6.7284,0.08259
"wfh",1,62.9,-0.3521,6.7535,0.08257
"wfh",1,63,-0.3521,6.7786,0.08255
"wfh",1,63.1,-0.3521,6.8035,0.08253
"wfh",1,63.2,-0.3521,6.8285,0.08251
"wfh",1,63.3,-0.3521,6.8533,0.08249
"wfh",1,63.4,-0.3521,6.8781,0.08247
"wfh",1,63.5,-0.3521,6.9028,0.08245
"wfh",1,63.6,-0.3521,6.9275,0.08243
"wfh",1,63.7,-0.3521,6.9521,0.08241
"wfh",1,63.8,-0.3521,6.9766,0.0824
"wfh",1,63.9,-0.3521,7.0011,0.08238
"wfh",1,64,-0.3521,7.0255,0.08236
"wfh",1,64.1,-0.3521,7.0499,0.08235
"wfh",1,64.2,-0.3521,7.0742,0.08233
"wfh",1,64.3,-0.3521,7.0984,0.08232
"wfh",1,64.4,-0.3521,7.1226,0.0823
"wfh",1,64.5,-0.3521,7.1467,0.08229
"wfh",1,64.6,-0.3521,7.1708,0.08228
"wfh",1,64.7,-0.3521,7.1948,0.08227
"wfh",1,64.8,-0.3521,7.2188,0.08225
"wfh",1,64.9,-0.3521,7.2427,0.08224
"wfh",1,65,-0.3521,7.2666,0.08223
"wfh",1,65.1,-0.3521,7.2905,0.08222
"wfh",1,65.2,-0.3521,7.3143,0.08221
"wfh",1,65.3,-0.3521,7.338,0.0822
"wfh",1,65.4,-0.3521,7.3617,0.08219
"wfh",1,65.5,-0.3521,7.3854,0.08218
"wfh",1,65.6,-0.3521,7.4091,0.08218
"wfh",1,65.7,-0.3521,7.4327,0.08217
"wfh",1,65.8,-0.3521,7.4563,0.08216
"wfh",1,65.9,-0.3521,7.4799,0.08216
"wfh",1,66,-0.3521,7.5034,0.08215
"wfh",1,66.1,-0.3521,7.5269,0.08214
"wfh",1,66.2,-0.3521,7.5504,0.08214
"wfh",1,66.3,-0.3521,7.5738,0.08214
"wfh",1,66.4,-0.3521,7.5973,0.08213
"wfh",1,66.5,-0.3521,7.6206,0.08213
"wfh",1,66.6,-0.3521,7.644,0.08213
"wfh",1,66.7,-0.3521,7.6673,0.08212
"wfh",1,66.8,-0.3521,7.6906,0.08212
"wfh",1,66.9,-0.3521,7.7138,0.08212
"wfh",1,67,-0.3521,7.737,0.08212
"wfh",1,67.1,-0.3521,7.7602,0.08212
"wfh",1,67.2,-0.3521,7.7834,0.08212
"wfh",1,67.3,-0.3521,7.8065,0.08212
"wfh",1,67.4,-0.3521,7.8296,0.08212
"wfh",1,67.5,-0.3521,7.8526,0.08212
"wfh",1,67.6,-0.3521,7.8757,0.08212
"wfh",1,67.7,-0.3521,7.8986,0.08213
"wfh",1,67.8,-0.3521,7.9216,0.08213
"wfh",1,67.9,-0.3521,7.9445,0.08213
"wfh",1,68,-0.3521,7.9674,0.08214
"wfh",1,68.1,-0.3521,7.9903,0.08214
"wfh",1,68.2,-0.3521,8.0132,0.08214
"wfh",1,68.3,-0.3521,8.036,0.08215
"wfh",1,68.4,-0.3521,8.0588,0.08215
"wfh",1,68.5,-0.3521,8.0816,0.08216
"wfh",1,68.6,-0.3521,8.1044,0.08217
"wfh",1,68.7,-0.3521,8.1272,0.08217
"wfh",1,68.8,-0.3521,8.15,0.08218
"wfh",1,68.9,-0.3521,8.1727,0.08219
"wfh",1,69,-0.3521,8.1955,0.08219
"wfh",1,69.1,-0.3521,8.2183,0.0822
"wfh",1,69.2,-0.3521,8.241,0.08221
"wfh",1,69.3,-0.3521,8.2638,0.08222
"wfh",1,69.4,-0.3521,8.2865,0.08223
"wfh",1,69.5,-0.3521,8.3092,0.08224
"wfh",1,69.6,-0.3521,8.332,0.08225
"wfh",1,69.7,-0.3521,8.3547,0.08226
"wfh",1,69.8,-0.3521,8.3774,0.08227
"wfh",1,69.9,-0.3521,8.4001,0.08228
"wfh",1,70,-0.3521,8.4227,0.08229
"wfh",1,70.1,-0.3521,8.4454,0.0823
"wfh",1,70.2,-0.3521,8.468,0.08231
"wfh",1,70.3,-0.3521,8.4906,0.08232
"wfh",1,70.4,-0.3521,8.5132,0.08233
"wfh",1,70.5,-0.3521,8.5358,0.08235
"wfh",1,70.6,-0.3521,8.5583,0.08236
"wfh",1,70.7,-0.3521,8.5808,0.08237
"wfh",1,70.8,-0.3521,8.6032,0.08238
"wfh",1,70.9,-0.3521,8.6257,0.0824
"wfh",1,71,-0.3521,8.648,0.08241
"wfh",1,71.1,-0.3521,8.6704,0.08242
"wfh",1,71.2,-0.3521,8.6927,0.08243
"wfh",1,71.3,-0.3521,8.715,0.08245
"wfh",1,71.4,-0.3521,8.7372,0.08246
"wfh",1,71.5,-0.3521,8.7594,0.08248
"wfh",1,71.6,-0.3521,8.7815,0.08249
"wfh",1,71.7,-0.3521,8.8036,0.0825
"wfh",1,71.8,-0.3521,8.8257,0.08252
"wfh",1,71.9,-0.3521,8.8477,0.08253
"wfh",1,72,-0.3521,8.8697,0.08254
"wfh",1,72.1,-0.3521,8.8916,0.08256
"wfh",1,72.2,-0.3521,8.9135,0.08257
"wfh",1,72.3,-0.3521,8.9353,0.08259
"wfh",1,72.4,-0.3521,8.9571,0.0826
"wfh",1,72.5,-0.3521,8.9788,0.08262
"wfh",1,72.6,-0.3521,9.0005,0.08263
"wfh",1,72.7,-0.3521,9.0221,0.08264
"wfh",1,72.8,-0.3521,9.0436,0.08266
"wfh",1,72.9,-0.3521,9.0651,0.08267
"wfh",1,73,-0.3521,9.0865,0.08269
"wfh",1,73.1,-0.3521,9.1079,0.0827
"wfh",1,73.2,-0.3521,9.1292,0.08272
"wfh",1,73.3,-0.3521,9.1504,0.08273
"wfh",1,73.4,-0.3521,9.1716,0.08274
"wfh",1,73.5,-0.3521,9.1927,0.08276
"wfh",1,73.6,-0.3521,9.2137,0.08277
"wfh",1,73.7,-0.3521,9.2347,0.08278
"wfh",1,73.8,-0.3521,9.2557,0.0828
"wfh",1,73.9,-0.3521,9.2766,0.08281
"wfh",1,74,-0.3521,9.2974,0.08283
"wfh",1,74.1,-0.3521,9.3182,0.08284
"wfh",1,74.2,-0.3521,9.339,0.08285
"wfh",1,74.3,-0.3521,9.3597,0.08287
"wfh",1,74.4,-0.3521,9.3803,0.08288
"wfh",1,74.5,-0.3521,9.401,0.08289
"wfh",1,74.6,-0.3521,9.4215,0.0829
"wfh",1,74.7,-0.3521,9.442,0.08292
"wfh",1,74.8,-0.3521,9.4625,0.08293
"wfh",1,74.9,-0.3521,9.4829,0.08294
"wfh",1,75,-0.3521,9.5032,0.08295
"wfh",1,75.1,-0.3521,9.5235,0.08297
"wfh",1,75.2,-0.3521,9.5438,0.08298
"wfh",1,75.3,-0.3521,9.5639,0.08299
"wfh",1,75.4,-0.3521,9.5841,0.083
"wfh",1,75.5,-0.3521,9.6041,0.08301
"wfh",1,75.6,-0.3521,9.6241,0.08302
"wfh",1,75.7,-0.3521,9.644,0.08303
"wfh",1,75.8,-0.3521,9.6639,0.08305
"wfh",1,75.9,-0.3521,9.6836,0.08306
"wfh",1,76,-0.3521,9.7033,0.08307
"wfh",1,76.1,-0.3521,9.723,0.08307
"wfh",1,76.2,-0.3521,9.7425,0.08308
"wfh",1,76.3,-0.3521,9.762,0.08309
"wfh",1,76.4,-0.3521,9.7814,0.0831
"wfh",1,76.5,-0.3521,9.8007,0.08311
"wfh",1,76.6,-0.3521,9.82,0.08312
"wfh",1,76.7,-0.3521,9.8392,0.08312
"wfh",1,76.8,-0.3521,9.8583,0.08313
"wfh",1,76.9,-0.3521,9.8773,0.08314
"wfh",1,77,-0.3521,9.8963,0.08314
"wfh",1,77.1,-0.3521,9.9152,0.08315
"wfh",1,77.2,-0.3521,9.9341,0.08315
"wfh",1,77.3,-0.3521,9.9528,0.08316
"wfh",1,77.4,-0.3521,9.9716,0.08316
"wfh",1,77.5,-0.3521,9.9902,0.08317
"wfh",1,77.6,-0.3521,10.0088,0.08317
"wfh",1,77.7,-0.3521,10.0274,0.08317
"wfh",1,77.8,-0.3521,10.0459,0.08318
"wfh",1,77.9,-0.3521,10.0643,0.08318
"wfh",1,78,-0.3521,10.0827,0.08318
"wfh",1,78.1,-0.3521,10.1011,0.08318
"wfh",1,78.2,-0.3521,10.1194,0.08318
"wfh",1,78.3,-0.3521,10.1377,0.08318
"wfh",1,78.4,-0.3521,10.1559,0.08318
"wfh",1,78.5,-0.3521,10.1741,0.08318
"wfh",1,78.6,-0.3521,10.1923,0.08317
"wfh",1,78.7,-0.3521,10.2105,0.08317
"wfh",1,78.8,-0.3521,10.2286,0.08317
"wfh",1,78.9,-0.3521,10.2468,0.08316
"wfh",1,79,-0.3521,10.2649,0.08316
"wfh",1,79.1,-0.3521,10.2831,0.08315
"wfh",1,79.2,-0.3521,10.3012,0.08315
"wfh",1,79.3,-0.3521,10.3194,0.08314
"wfh",1,79.4,-0.3521,10.3376,0.08313
"wfh",1,79.5,-0.3521,10.3558,0.08313
"wfh",1,79.6,-0.3521,10.3741,0.08312
"wfh",1,79.7,-0.3521,10.3923,0.08311
"wfh",1,79.8,-0.3521,10.4107,0.0831
"wfh",1,79.9,-0.3521,10.4291,0.08309
"wfh",1,80,-0.3521,10.4475,0.08308
"wfh",1,80.1,-0.3521,10.466,0.08307
"wfh",1,80.2,-0.3521,10.4845,0.08305
"wfh",1,80.3,-0.3521,10.5031,0.08304
"wfh",1,80.4,-0.3521,10.5217,0.08303
"wfh",1,80.5,-0.3521,10.5405,0.08301
"wfh",1,80.6,-0.3521,10.5592,0.083
"wfh",1,80.7,-0.3521,10.5781,0.08298
"wfh",1,80.8,-0.3521,10.597,0.08297
"wfh",1,80.9,-0.3521,10.6161,0.08295
"wfh",1,81,-0.3521,10.6352,0.08293
"wfh",1,81.1,-0.3521,10.6544,0.08291
"wfh",1,81.2,-0.3521,10.6737,0.0829
"wfh",1,81.3,-0.3521,10.6931,0.08288
"wfh",1,81.4,-0.3521,10.7126,0.08286
"wfh",1,81.5,-0.3521,10.7322,0.08284
"wfh",1,81.6,-0.3521,10.752,0.08282
"wfh",1,81.7,-0.3521,10.7718,0.08279
"wfh",1,81.8,-0.3521,10.7918,0.08277
"wfh",1,81.9,-0.3521,10.8119,0.08275
"wfh",1,82,-0.3521,10.8321,0.08273
"wfh",1,82.1,-0.3521,10.8524,0.0827
"wfh",1,82.2,-0.3521,10.8728,0.08268
"wfh",1,82.3,-0.3521,10.8934,0.08265
"wfh",1,82.4,-0.3521,10.9142,0.08263
"wfh",1,82.5,-0.3521,10.935,0.0826
"wfh",1,82.6,-0.3521,10.956,0.08258
"wfh",1,82.7,-0.3521,10.9772,0.08255
"wfh",1,82.8,-0.3521,10.9985,0.08252
"wfh",1,82.9,-0.3521,11.0199,0.08249
"wfh",1,83,-0.3521,11.0415,0.08246
"wfh",1,83.1,-0.3521,11.0632,0.08244
"wfh",1,83.2,-0.3521,11.0851,0.08241
"wfh",1,83.3,-0.3521,11.1071,0.08238
"wfh",1,83.4,-0.3521,11.1293,0.08235
"wfh",1,83.5,-0.3521,11.1516,0.08231
"wfh",1,83.6,-0.3521,11.174,0.08228
"wfh",1,83.7,-0.3521,11.1966,0.08225
"wfh",1,83.8,-0.3521,11.2193,0.08222
"wfh",1,83.9,-0.3521,11.2422,0.08219
"wfh",1,84,-0.3521,11.2651,0.08215
"wfh",1,84.1,-0.3521,11.2882,0.08212
"wfh",1,84.2,-0.3521,11.3114,0.08209
"wfh",1,84.3,-0.3521,11.3347,0.08205
"wfh",1,84.4,-0.3521,11.3581,0.08202
"wfh",1,84.5,-0.3521,11.3817,0.08198
"wfh",1,84.6,-0.3521,11.4053,0.08195
"wfh",1,84.7,-0.3521,11.429,0.08191
"wfh",1,84.8,-0.3521,11.4529,0.08188
"wfh",1,84.9,-0.3521,11.4768,0.08184
"wfh",1,85,-0.3521,11.6707,0.08156
"wfh",1,85.1,-0.3521,11.6952,0.08152
"wfh",1,85.2,-0.3521,11.7198,0.08148
"wfh",1,85.3,-0.3521,11.7444,0.08145
"wfh",1,85.4,-0.3521,11.769,0.08141
"wfh",1,85.5,-0.3521,11.7937,0.08138
"wfh",1,85.6,-0.3521,11.8184,0.08134
"wfh",1,85.7,-0.3521,11.8431,0.08131
"wfh",1,85.8,-0.3521,11.8678,0.08128
"wfh",1,85.9,-0.3521,11.8926,0.08124
"wfh",1,86,-0.3521,11.9173,0.08121
"wfh",1,86.1,-0.3521,11.9421,0.08118
"wfh",1,86.2,-0.3521,11.9668,0.08114
"wfh",1,86.3,-0.3521,11.9916,0.08111
"wfh",1,86.4,-0.3521,12.0163,0.08108
"wfh",1,86.5,-0.3521,12.0411,0.08105
"wfh",1,86.6,-0.3521,12.0658,0.08102
"wfh",1,86.7,-0.3521,12.0905,0.08099
"wfh",1,86.8,-0.3521,12.1152,0.08096
"wfh",1,86.9,-0.3521,12.1398,0.08093
"wfh",1,87,-0.3521,12.1645,0.0809
"wfh",1,87.1,-0.3521,12.1891,0.08087
"wfh",1,87.2,-0.3521,12.2136,0.08084
"wfh",1,87.3,-0.3521,12.2382,0.08082
"wfh",1,87.4,-0.3521,12.2627,0.08079
"wfh",1,87.5,-0.3521,12.2871,0.08076
"wfh",1,87.6,-0.3521,12.3116,0.08074
"wfh",1,87.7,-0.3521,12.336,0.08071
"wfh",1,87.8,-0.3521,12.3603,0.08069
"wfh",1,87.9,-0.3521,12.3846,0.08067
"wfh",1,88,-0.3521,12.4089,0.08064
"wfh",1,88.1,-0.3521,12.4332,0.08062
"wfh",1,88.2,-0.3521,12.4574,0.0806
"wfh",1,88.3,-0.3521,12.4815,0.08058
"wfh",1,88.4,-0.3521,12.5057,0.08056
"wfh",1,88.5,-0.3521,12.5298,0.08054
"wfh",1,88.6,-0.3521,12.5538,0.08052
"wfh",1,88.7,-0.3521,12.5778,0.0805
"wfh",1,88.8,-0.3521,12.6017,0.08048
"wfh",1,88.9,-0.3521,12.6257,0.08047
"wfh",1,89,-0.3521,12.6495,0.08045
"wfh",1,89.1,-0.3521,12.6734,0.08044
"wfh",1,89.2,-0.3521,12.6972,0.08042
"wfh",1,89.3,-0.3521,12.7209,0.08041
"wfh",1,89.4,-0.3521,12.7446,0.08039
"wfh",1,89.5,-0.3521,12.7683,0.08038
"wfh",1,89.6,-0.3521,12.792,0.08037
"wfh",1,89.7,-0.3521,12.8156,0.08035
"wfh",1,89.8,-0.3521,12.8392,0.08034
"wfh",1,89.9,-0.3521,12.8628,0.08033
"wfh",1,90,-0.3521,12.8864,0.08032
"wfh",1,90.1,-0.3521,12.9099,0.08031
"wfh",1,90.2,-0.3521,12.9334,0.0803
"wfh",1,90.3,-0.3521,12.9569,0.0803
"wfh",1,90.4,-0.3521,12.9804,0.08029
"wfh",1,90.5,-0.3521,13.0038,0.08028
"wfh",1,90.6,-0.3521,13.0273,0.08027
"wfh",1,90.7,-0.3521,13.0507,0.08027
"wfh",1,90.8,-0.3521,13.0742,0.08026
"wfh",1,90.9,-0.3521,13.0976,0.08026
"wfh",1,91,-0.3521,13.1209,0.08025
"wfh",1,91.1,-0.3521,13.1443,0.08025
"wfh",1,91.2,-0.3521,13.1677,0.08025
"wfh",1,91.3,-0.3521,13.191,0.08025
"wfh",1,91.4,-0.3521,13.2143,0.08025
"wfh",1,91.5,-0.3521,13.2376,0.08024
"wfh",1,91.6,-0.3521,13.2609,0.08024
"wfh",1,91.7,-0.3521,13.2842,0.08024
"wfh",1,91.8,-0.3521,13.3075,0.08025
"wfh",1,91.9,-0.3521,13.3308,0.08025
"wfh",1,92,-0.3521,13.3541,0.08025
"wfh",1,92.1,-0.3521,13.3773,0.08025
"wfh",1,92.2,-0.3521,13.4006,0.08026
"wfh",1,92.3,-0.3521,13.4239,0.08026
"wfh",1,92.4,-0.3521,13.4472,0.08027
"wfh",1,92.5,-0.3521,13.4705,0.08027
"wfh",1,92.6,-0.3521,13.4937,0.08028
"wfh",1,92.7,-0.3521,13.5171,0.08028
"wfh",1,92.8,-0.3521,13.5404,0.08029
"wfh",1,92.9,-0.3521,13.5637,0.0803
"wfh",1,93,-0.3521,13.587,0.08031
"wfh",1,93.1,-0.3521,13.6104,0.08032
"wfh",1,93.2,-0.3521,13.6338,0.08033
"wfh",1,93.3,-0.3521,13.6572,0.08034
"wfh",1,93.4,-0.3521,13.6806,0.08035
"wfh",1,93.5,-0.3521,13.7041,0.08036
"wfh",1,93.6,-0.3521,13.7275,0.08037
"wfh",1,93.7,-0.3521,13.751,0.08038
"wfh",1,93.8,-0.3521,13.7746,0.0804
"wfh",1,93.9,-0.3521,13.7981,0.08041
"wfh",1,94,-0.3521,13.8217,0.08043
"wfh",1,94.1,-0.3521,13.8454,0.08044
"wfh",1,94.2,-0.3521,13.8691,0.08046
"wfh",1,94.3,-0.3521,13.8928,0.08047
"wfh",1,94.4,-0.3521,13.9165,0.08049
"wfh",1,94.5,-0.3521,13.9403,0.08051
"wfh",1,94.6,-0.3521,13.9642,0.08052
"wfh",1,94.7,-0.3521,13.9881,0.08054
"wfh",1,94.8,-0.3521,14.012,0.08056
"wfh",1,94.9,-0.3521,14.036,0.08058
"wfh",1,95,-0.3521,14.06,0.0806
"wfh",1,95.1,-0.3521,14.0841,0.08062
"wfh",1,95.2,-0.3521,14.1083,0.08064
"wfh",1,95.3,-0.3521,14.1325,0.08067
"wfh",1,95.4,-0.3521,14.1567,0.08069
"wfh",1,95.5,-0.3521,14.1811,0.08071
"wfh",1,95.6,-0.3521,14.2055,0.08073
"wfh",1,95.7,-0.3521,14.2299,0.08076
"wfh",1,95.8,-0.3521,14.2544,0.08078
"wfh",1,95.9,-0.3521,14.279,0.08081
"wfh",1,96,-0.3521,14.3037,0.08083
"wfh",1,96.1,-0.3521,14.3284,0.08086
"wfh",1,96.2,-0.3521,14.3533,0.08089
"wfh",1,96.3,-0.3521,14.3782,0.08092
"wfh",1,96.4,-0.3521,14.4031,0.08094
"wfh",1,96.5,-0.3521,14.4282,0.08097
"wfh",1,96.6,-0.3521,14.4533,0.081
"wfh",1,96.7,-0.3521,14.4785,0.08103
"wfh",1,96.8,-0.3521,14.5038,0.08106
"wfh",1,96.9,-0.3521,14.5292,0.08109
"wfh",1,97,-0.3521,14.5547,0.08112
"wfh",1,97.1,-0.3521,14.5802,0.08116
"wfh",1,97.2,-0.3521,14.6058,0.08119
"wfh",1,97.3,-0.3521,14.6316,0.08122
"wfh",1,97.4,-0.3521,14.6574,0.08125
"wfh",1,97.5,-0.3521,14.6832,0.08129
"wfh",1,97.6,-0.3521,14.7092,0.08132
"wfh",1,97.7,-0.3521,14.7353,0.08136
"wfh",1,97.8,-0.3521,14.7614,0.08139
"wfh",1,97.9,-0.3521,14.7877,0.08143
"wfh",1,98,-0.3521,14.814,0.08146
"wfh",1,98.1,-0.3521,14.8404,0.0815
"wfh",1,98.2,-0.3521,14.8669,0.08154
"wfh",1,98.3,-0.3521,14.8934,0.08157
"wfh",1,98.4,-0.3521,14.9201,0.08161
"wfh",1,98.5,-0.3521,14.9468,0.08165
"wfh",1,98.6,-0.3521,14.9736,0.08169
"wfh",1,98.7,-0.3521,15.0005,0.08173
"wfh",1,98.8,-0.3521,15.0275,0.08177
"wfh",1,98.9,-0.3521,15.0546,0.08181
"wfh",1,99,-0.3521,15.0818,0.08185
"wfh",1,99.1,-0.3521,15.109,0.08189
"wfh",1,99.2,-0.3521,15.1363,0.08194
"wfh",1,99.3,-0.3521,15.1637,0.08198
"wfh",1,99.4,-0.3521,15.1912,0.08202
"wfh",1,99.5,-0.3521,15.2187,0.08206
"wfh",1,99.6,-0.3521,15.2463,0.08211
"wfh",1,99.7,-0.3521,15.274,0.08215
"wfh",1,99.8,-0.3521,15.3018,0.0822
"wfh",1,99.9,-0.3521,15.3297,0.08224
"wfh",1,100,-0.3521,15.3576,0.08229
"wfh",1,100.1,-0.3521,15.3856,0.08233
"wfh",1,100.2,-0.3521,15.4137,0.08238
"wfh",1,100.3,-0.3521,15.4419,0.08243
"wfh",1,100.4,-0.3521,15.4701,0.08247
"wfh",1,100.5,-0.3521,15.4985,0.08252
"wfh",1,100.6,-0.3521,15.5268,0.08257
"wfh",1,100.7,-0.3521,15.5553,0.08262
"wfh",1,100.8,-0.3521,15.5838,0.08267
"wfh",1,100.9,-0.3521,15.6125,0.08272
"wfh",1,101,-0.3521,15.6412,0.08277
"wfh",1,101.1,-0.3521,15.6699,0.08281
"wfh",1,101.2,-0.3521,15.6987,0.08287
"wfh",1,101.3,-0.3521,15.7276,0.08292
"wfh",1,101.4,-0.3521,15.7566,0.08297
"wfh",1,101.5,-0.3521,15.7857,0.08302
"wfh",1,101.6,-0.3521,15.8148,0.08307
"wfh",1,101.7,-0.3521,15.844,0.08312
"wfh",1,101.8,-0.3521,15.8732,0.08317
"wfh",1,101.9,-0.3521,15.9026,0.08322
"wfh",1,102,-0.3521,15.932,0.08328
"wfh",1,102.1,-0.3521,15.9615,0.08333
"wfh",1,102.2,-0.3521,15.991,0.08338
"wfh",1,102.3,-0.3521,16.0206,0.08343
"wfh",1,102.4,-0.3521,16.0503,0.08349
"wfh",1,102.5,-0.3521,16.0801,0.08354
"wfh",1,102.6,-0.3521,16.1099,0.08359
"wfh",1,102.7,-0.3521,16.1398,0.08365
"wfh",1,102.8,-0.3521,16.1697,0.0837
"wfh",1,102.9,-0.3521,16.1997,0.08376
"wfh",1,103,-0.3521,16.2298,0.08381
"wfh",1,103.1,-0.3521,16.26,0.08386
"wfh",1,103.2,-0.3521,16.2902,0.08392
"wfh",1,103.3,-0.3521,16.3204,0.08397
"wfh",1,103.4,-0.3521,16.3508,0.08403
"wfh",1,103.5,-0.3521,16.3812,0.08408
"wfh",1,103.6,-0.3521,16.4117,0.08414
"wfh",1,103.7,-0.3521,16.4422,0.08419
"wfh",1,103.8,-0.3521,16.4728,0.08425
"wfh",1,103.9,-0.3521,16.5035,0.08431
"wfh",1,104,-0.3521,16.5342,0.08436
"wfh",1,104.1,-0.3521,16.565,0.08442
"wfh",1,104.2,-0.3521,16.5959,0.08447
"wfh",1,104.3,-0.3521,16.6268,0.08453
"wfh",1,104.4,-0.3521,16.6579,0.08458
"wfh",1,104.5,-0.3521,16.6889,0.08464
"wfh",1,104.6,-0.3521,16.7201,0.0847
"wfh",1,104.7,-0.3521,16.7513,0.08475
"wfh",1,104.8,-0.3521,16.7826,0.08481
"wfh",1,104.9,-0.3521,16.8139,0.08487
"wfh",1,105,-0.3521,16.8454,0.08493
"wfh",1,105.1,-0.3521,16.8769,0.08498
"wfh",1,105.2,-0.3521,16.9084,0.08504
"wfh",1,105.3,-0.3521,16.9401,0.0851
"wfh",1,105.4,-0.3521,16.9718,0.08516
"wfh",1,105.5,-0.3521,17.0036,0.08521
"wfh",1,105.6,-0.3521,17.0355,0.08527
"wfh",1,105.7,-0.3521,17.0674,0.08533
"wfh",1,105.8,-0.3521,17.0995,0.08539
"wfh",1,105.9,-0.3521,17.1316,0.08545
"wfh",1,106,-0.3521,17.1637,0.08551
"wfh",1,106.1,-0.3521,17.196,0.08557
"wfh",1,106.2,-0.3521,17.2283,0.08562
"wfh",1,106.3,-0.3521,17.2607,0.08568
"wfh",1,106.4,-0.3521,17.2931,0.08574
"wfh",1,106.5,-0.3521,17.3256,0.0858
"wfh",1,106.6,-0.3521,17.3582,0.08586
"wfh",1,106.7,-0.3521,17.3909,0.08592
"wfh",1,106.8,-0.3521,17.4237,0.08599
"wfh",1,106.9,-0.3521,17.4565,0.08605
"wfh",1,107,-0.3521,17.4894,0.08611
"wfh",1,107.1,-0.3521,17.5224,0.08617
"wfh",1,107.2,-0.3521,17.5554,0.08623
"wfh",1,107.3,-0.3521,17.5885,0.08629
"wfh",1,107.4,-0.3521,17.6217,0.08635
"wfh",1,107.5,-0.3521,17.655,0.08641
"wfh",1,107.6,-0.3521,17.6884,0.08648
"wfh",1,107.7,-0.3521,17.7218,0.08654
"wfh",1,107.8,-0.3521,17.7553,0.0866
"wfh",1,107.9,-0.3521,17.7889,0.08666
"wfh",1,108,-0.3521,17.8226,0.08673
"wfh",1,108.1,-0.3521,17.8564,0.08679
"wfh",1,108.2,-0.3521,17.8903,0.08685
"wfh",1,108.3,-0.3521,17.9242,0.08691
"wfh",1,108.4,-0.3521,17.9583,0.08698
"wfh",1,108.5,-0.3521,17.9924,0.08704
"wfh",1,108.6,-0.3521,18.0267,0.0871
"wfh",1,108.7,-0.3521,18.061,0.08717
"wfh",1,108.8,-0.3521,18.0954,0.08723
"wfh",1,108.9,-0.3521,18.1299,0.0873
"wfh",1,109,-0.3521,18.1645,0.08736
"wfh",1,109.1,-0.3521,18.1992,0.08742
"wfh",1,109.2,-0.3521,18.234,0.08749
"wfh",1,109.3,-0.3521,18.2689,0.08755
"wfh",1,109.4,-0.3521,18.3039,0.08762
"wfh",1,109.5,-0.3521,18.339,0.08768
"wfh",1,109.6,-0.3521,18.3742,0.08774
"wfh",1,109.7,-0.3521,18.4094,0.08781
"wfh",1,109.8,-0.3521,18.4448,0.08787
"wfh",1,109.9,-0.3521,18.4802,0.08794
"wfh",1,110,-0.3521,18.5158,0.088
"wfh",1,110.1,-0.3521,18.5514,0.08806
"wfh",1,110.2,-0.3521,18.5871,0.08813
"wfh",1,110.3,-0.3521,18.6229,0.08819
"wfh",1,110.4,-0.3521,18.6588,0.08826
"wfh",1,110.5,-0.3521,18.6948,0.08832
"wfh",1,110.6,-0.3521,18.7308,0.08838
"wfh",1,110.7,-0.3521,18.767,0.08845
"wfh",1,110.8,-0.3521,18.8032,0.08851
"wfh",1,110.9,-0.3521,18.8395,0.08858
"wfh",1,111,-0.3521,18.8759,0.08864
"wfh",1,111.1,-0.3521,18.9123,0.08871
"wfh",1,111.2,-0.3521,18.9489,0.08877
"wfh",1,111.3,-0.3521,18.9855,0.08883
"wfh",1,111.4,-0.3521,19.0222,0.0889
"wfh",1,111.5,-0.3521,19.059,0.08896
"wfh",1,111.6,-0.3521,19.0958,0.08903
"wfh",1,111.7,-0.3521,19.1327,0.08909
"wfh",1,111.8,-0.3521,19.1697,0.08915
"wfh",1,111.9,-0.3521,19.2067,0.08922
"wfh",1,112,-0.3521,19.2439,0.08928
"wfh",1,112.1,-0.3521,19.281,0.08934
"wfh",1,112.2,-0.3521,19.3183,0.08941
"wfh",1,112.3,-0.3521,19.3556,0.08947
"wfh",1,112.4,-0.3521,19.393,0.08953
"wfh",1,112.5,-0.3521,19.4304,0.0896
"wfh",1,112.6,-0.3521,19.4679,0.08966
"wfh",1,112.7,-0.3521,19.5055,0.08972
"wfh",1,112.8,-0.3521,19.5431,0.08979
"wfh",1,112.9,-0.3521,19.5807,0.08985
"wfh",1,113,-0.3521,19.6185,0.08991
"wfh",1,113.1,-0.3521,19.6563,0.08997
"wfh",1,113.2,-0.3521,19.6941,0.09004
"wfh",1,113.3,-0.3521,19.7321,0.0901
"wfh",1,113.4,-0.3521,19.77,0.09016
"wfh",1,113.5,-0.3521,19.8081,0.09022
"wfh",1,113.6,-0.3521,19.8461,0.09029
"wfh",1,113.7,-0.3521,19.8843,0.09035
"wfh",1,113.8,-0.3521,19.9225,0.09041
"wfh",1,113.9,-0.3521,19.9607,0.09047
"wfh",1,114,-0.3521,19.999,0.09054
"wfh",1,114.1,-0.3521,20.0373,0.0906
"wfh",1,114.2,-0.3521,20.0757,0.09066
"wfh",1,114.3,-0.3521,20.1142,0.09072
"wfh",1,114.4,-0.3521,20.1527,0.09079
"wfh",1,114.5,-0.3521,20.1912,0.09085
"wfh",1,114.6,-0.3521,20.2298,0.09091
"wfh",1,114.7,-0.3521,20.2684,0.09097
"wfh",1,114.8,-0.3521,20.3071,0.09103
"wfh",1,114.9,-0.3521,20.3458,0.0911
"wfh",1,115,-0.3521,20.3846,0.09116
"wfh",1,115.1,-0.3521,20.4233,0.09122
"wfh",1,115.2,-0.3521,20.4622,0.09128
"wfh",1,115.3,-0.3521,20.501,0.09134
"wfh",1,115.4,-0.3521,20.54,0.0914
"wfh",1,115.5,-0.3521,20.5789,0.09147
"wfh",1,115.6,-0.3521,20.6179,0.09153
"wfh",1,115.7,-0.3521,20.6569,0.09159
"wfh",1,115.8,-0.3521,20.6959,0.09165
"wfh",1,115.9,-0.3521,20.735,0.09171
"wfh",1,116,-0.3521,20.7741,0.09177
"wfh",1,116.1,-0.3521,20.8132,0.09183
"wfh",1,116.2,-0.3521,20.8524,0.0919
"wfh",1,116.3,-0.3521,20.8916,0.09196
"wfh",1,116.4,-0.3521,20.9308,0.09202
"wfh",1,116.5,-0.3521,20.97,0.09208
"wfh",1,116.6,-0.3521,21.0093,0.09214
"wfh",1,116.7,-0.3521,21.0486,0.0922
"wfh",1,116.8,-0.3521,21.0879,0.09227
"wfh",1,116.9,-0.3521,21.1272,0.09233
"wfh",1,117,-0.3521,21.1666,0.09239
"wfh",1,117.1,-0.3521,21.2059,0.09245
"wfh",1,117.2,-0.3521,21.2453,0.09251
"wfh",1,117.3,-0.3521,21.2847,0.09257
"wfh",1,117.4,-0.3521,21.3242,0.09263
"wfh",1,117.5,-0.3521,21.3636,0.0927
"wfh",1,117.6,-0.3521,21.4031,0.09276
"wfh",1,117.7,-0.3521,21.4426,0.09282
"wfh",1,117.8,-0.3521,21.482,0.09288
"wfh",1,117.9,-0.3521,21.5215,0.09294
"wfh",1,118,-0.3521,21.5611,0.093
"wfh",1,118.1,-0.3521,21.6006,0.09307
"wfh",1,118.2,-0.3521,21.6401,0.09313
"wfh",1,118.3,-0.3521,21.6797,0.09319
"wfh",1,118.4,-0.3521,21.7193,0.09325
"wfh",1,118.5,-0.3521,21.7588,0.09331
"wfh",1,118.6,-0.3521,21.7984,0.09338
"wfh",1,118.7,-0.3521,21.838,0.09344
"wfh",1,118.8,-0.3521,21.8776,0.0935
"wfh",1,118.9,-0.3521,21.9172,0.09356
"wfh",1,119,-0.3521,21.9568,0.09362
"wfh",1,119.1,-0.3521,21.9964,0.09368
"wfh",1,119.2,-0.3521,22.036,0.09375
"wfh",1,119.3,-0.3521,22.0757,0.09381
"wfh",1,119.4,-0.3521,22.1153,0.09387
"wfh",1,119.5,-0.3521,22.1549,0.09393
"wfh",1,119.6,-0.3521,22.1945,0.09399
"wfh",1,119.7,-0.3521,22.2341,0.09406
"wfh",1,119.8,-0.3521,22.2738,0.09412
"wfh",1,119.9,-0.3521,22.3134,0.09418
"wfh",1,120,-0.3521,22.353,0.09424
"wfh",2,45,-0.3833,2.4607,0.09029
"wfh",2,45.1,-0.3833,2.4777,0.0903
"wfh",2,45.2,-0.3833,2.4947,0.0903
"wfh",2,45.3,-0.3833,2.5117,0.09031
"wfh",2,45.4,-0.3833,2.5287,0.09032
"wfh",2,45.5,-0.3833,2.5457,0.09033
"wfh",2,45.6,-0.3833,2.5627,0.09033
"wfh",2,45.7,-0.3833,2.5797,0.09034
"wfh",2,45.8,-0.3833,2.5967,0.09035
"wfh",2,45.9,-0.3833,2.6137,0.09036
"wfh",2,46,-0.3833,2.6306,0.09037
"wfh",2,46.1,-0.3833,2.6476,0.09037
"wfh",2,46.2,-0.3833,2.6646,0.09038
"wfh",2,46.3,-0.3833,2.6816,0.09039
"wfh",2,46.4,-0.3833,2.6986,0.0904
"wfh",2,46.5,-0.3833,2.7155,0.0904
"wfh",2,46.6,-0.3833,2.7326,0.09041
"wfh",2,46.7,-0.3833,2.7496,0.09042
"wfh",2,46.8,-0.3833,2.7666,0.09043
"wfh",2,46.9,-0.3833,2.7837,0.09044
"wfh",2,47,-0.3833,2.8007,0.09044
"wfh",2,47.1,-0.3833,2.8179,0.09045
"wfh",2,47.2,-0.3833,2.835,0.09046
"wfh",2,47.3,-0.3833,2.8522,0.09047
"wfh",2,47.4,-0.3833,2.8694,0.09047
"wfh",2,47.5,-0.3833,2.8867,0.09048
"wfh",2,47.6,-0.3833,2.9041,0.09049
"wfh",2,47.7,-0.3833,2.9215,0.0905
"wfh",2,47.8,-0.3833,2.939,0.0905
"wfh",2,47.9,-0.3833,2.9565,0.09051
"wfh",2,48,-0.3833,2.9741,0.09052
"wfh",2,48.1,-0.3833,2.9918,0.09053
"wfh",2,48.2,-0.3833,3.0096,0.09054
"wfh",2,48.3,-0.3833,3.0275,0.09054
"wfh",2,48.4,-0.3833,3.0455,0.09055
"wfh",2,48.5,-0.3833,3.0636,0.09056
"wfh",2,48.6,-0.3833,3.0818,0.09057
"wfh",2,48.7,-0.3833,3.1001,0.09057
"wfh",2,48.8,-0.3833,3.1186,0.09058
"wfh",2,48.9,-0.3833,3.1372,0.09059
"wfh",2,49,-0.3833,3.156,0.0906
"wfh",2,49.1,-0.3833,3.1749,0.09061
"wfh",2,49.2,-0.3833,3.1939,0.09061
"wfh",2,49.3,-0.3833,3.2131,0.09062
"wfh",2,49.4,-0.3833,3.2325,0.09063
"wfh",2,49.5,-0.3833,3.252,0.09064
"wfh",2,49.6,-0.3833,3.2717,0.09065
"wfh",2,49.7,-0.3833,3.2915,0.09065
"wfh",2,49.8,-0.3833,3.3114,0.09066
"wfh",2,49.9,-0.3833,3.3316,0.09067
"wfh",2,50,-0.3833,3.3518,0.09068
"wfh",2,50.1,-0.3833,3.3723,0.09069
"wfh",2,50.2,-0.3833,3.3929,0.09069
"wfh",2,50.3,-0.3833,3.4136,0.0907
"wfh",2,50.4,-0.3833,3.4346,0.09071
"wfh",2,50.5,-0.3833,3.4557,0.09072
"wfh",2,50.6,-0.3833,3.4769,0.09073
"wfh",2,50.7,-0.3833,3.4983,0.09074
"wfh",2,50.8,-0.3833,3.5199,0.09074
"wfh",2,50.9,-0.3833,3.5417,0.09075
"wfh",2,51,-0.3833,3.5636,0.09076
"wfh",2,51.1,-0.3833,3.5856,0.09077
"wfh",2,51.2,-0.3833,3.6078,0.09078
"wfh",2,51.3,-0.3833,3.6302,0.09079
"wfh",2,51.4,-0.3833,3.6527,0.0908
"wfh",2,51.5,-0.3833,3.6754,0.0908
"wfh",2,51.6,-0.3833,3.6982,0.09081
"wfh",2,51.7,-0.3833,3.7212,0.09082
"wfh",2,51.8,-0.3833,3.7444,0.09083
"wfh",2,51.9,-0.3833,3.7677,0.09084
"wfh",2,52,-0.3833,3.7911,0.09085
"wfh",2,52.1,-0.3833,3.8147,0.09086
"wfh",2,52.2,-0.3833,3.8385,0.09086
"wfh",2,52.3,-0.3833,3.8623,0.09087
"wfh",2,52.4,-0.3833,3.8863,0.09088
"wfh",2,52.5,-0.3833,3.9105,0.09089
"wfh",2,52.6,-0.3833,3.9348,0.0909
"wfh",2,52.7,-0.3833,3.9592,0.09091
"wfh",2,52.8,-0.3833,3.9837,0.09092
"wfh",2,52.9,-0.3833,4.0084,0.09093
"wfh",2,53,-0.3833,4.0332,0.09093
"wfh",2,53.1,-0.3833,4.0581,0.09094
"wfh",2,53.2,-0.3833,4.0832,0.09095
"wfh",2,53.3,-0.3833,4.1084,0.09096
"wfh",2,53.4,-0.3833,4.1337,0.09097
"wfh",2,53.5,-0.3833,4.1591,0.09098
"wfh",2,53.6,-0.3833,4.1846,0.09099
"wfh",2,53.7,-0.3833,4.2102,0.09099
"wfh",2,53.8,-0.3833,4.2359,0.091
"wfh",2,53.9,-0.3833,4.2617,0.09101
"wfh",2,54,-0.3833,4.2875,0.09102
"wfh",2,54.1,-0.3833,4.3135,0.09103
"wfh",2,54.2,-0.3833,4.3395,0.09104
"wfh",2,54.3,-0.3833,4.3655,0.09105
"wfh",2,54.4,-0.3833,4.3917,0.09105
"wfh",2,54.5,-0.3833,4.4179,0.09106
"wfh",2,54.6,-0.3833,4.4442,0.09107
"wfh",2,54.7,-0.3833,4.4705,0.09108
"wfh",2,54.8,-0.3833,4.4969,0.09109
"wfh",2,54.9,-0.3833,4.5233,0.09109
"wfh",2,55,-0.3833,4.5498,0.0911
"wfh",2,55.1,-0.3833,4.5763,0.09111
"wfh",2,55.2,-0.3833,4.6029,0.09112
"wfh",2,55.3,-0.3833,4.6295,0.09113
"wfh",2,55.4,-0.3833,4.6561,0.09113
"wfh",2,55.5,-0.3833,4.6827,0.09114
"wfh",2,55.6,-0.3833,4.7094,0.09115
"wfh",2,55.7,-0.3833,4.7361,0.09116
"wfh",2,55.8,-0.3833,4.7628,0.09116
"wfh",2,55.9,-0.3833,4.7895,0.09117
"wfh",2,56,-0.3833,4.8162,0.09118
"wfh",2,56.1,-0.3833,4.843,0.09119
"wfh",2,56.2,-0.3833,4.8697,0.09119
"wfh",2,56.3,-0.3833,4.8964,0.0912
"wfh",2,56.4,-0.3833,4.9232,0.09121
"wfh",2,56.5,-0.3833,4.95,0.09121
"wfh",2,56.6,-0.3833,4.9767,0.09122
"wfh",2,56.7,-0.3833,5.0034,0.09123
"wfh",2,56.8,-0.3833,5.0302,0.09123
"wfh",2,56.9,-0.3833,5.0569,0.09124
"wfh",2,57,-0.3833,5.0837,0.09125
"wfh",2,57.1,-0.3833,5.1104,0.09125
"wfh",2,57.2,-0.3833,5.1371,0.09126
"wfh",2,57.3,-0.3833,5.1639,0.09126
"wfh",2,57.4,-0.3833,5.1906,0.09127
"wfh",2,57.5,-0.3833,5.2173,0.09128
"wfh",2,57.6,-0.3833,5.244,0.09128
"wfh",2,57.7,-0.3833,5.2707,0.09129
"wfh",2,57.8,-0.3833,5.2974,0.09129
"wfh",2,57.9,-0.3833,5.324,0.0913
"wfh",2,58,-0.3833,5.3507,0.0913
"wfh",2,58.1,-0.3833,5.3773,0.09131
"wfh",2,58.2,-0.3833,5.4039,0.09131
"wfh",2,58.3,-0.3833,5.4304,0.09131
"wfh",2,58.4,-0.3833,5.4569,0.09132
"wfh",2,58.5,-0.3833,5.4834,0.09132
"wfh",2,58.6,-0.3833,5.5098,0.09133
"wfh",2,58.7,-0.3833,5.5362,0.09133
"wfh",2,58.8,-0.3833,5.5625,0.09133
"wfh",2,58.9,-0.3833,5.5888,0.09134
"wfh",2,59,-0.3833,5.6151,0.09134
"wfh",2,59.1,-0.3833,5.6413,0.09134
"wfh",2,59.2,-0.3833,5.6674,0.09135
"wfh",2,59.3,-0.3833,5.6935,0.09135
"wfh",2,59.4,-0.3833,5.7195,0.09135
"wfh",2,59.5,-0.3833,5.7454,0.09135
"wfh",2,59.6,-0.3833,5.7713,0.09136
"wfh",2,59.7,-0.3833,5.7971,0.09136
"wfh",2,59.8,-0.3833,5.8229,0.09136
"wfh",2,59.9,-0.3833,5.8485,0.09136
"wfh",2,60,-0.3833,5.8742,0.09136
"wfh",2,60.1,-0.3833,5.8997,0.09136
"wfh",2,60.2,-0.3833,5.9252,0.09137
"wfh",2,60.3,-0.3833,5.9507,0.09137
"wfh",2,60.4,-0.3833,5.9761,0.09137
"wfh",2,60.5,-0.3833,6.0014,0.09137
"wfh",2,60.6,-0.3833,6.0266,0.09137
"wfh",2,60.7,-0.3833,6.0518,0.09137
"wfh",2,60.8,-0.3833,6.0769,0.09137
"wfh",2,60.9,-0.3833,6.102,0.09137
"wfh",2,61,-0.3833,6.127,0.09137
"wfh",2,61.1,-0.3833,6.1519,0.09137
"wfh",2,61.2,-0.3833,6.1768,0.09136
"wfh",2,61.3,-0.3833,6.2017,0.09136
"wfh",2,61.4,-0.3833,6.2264,0.09136
"wfh",2,61.5,-0.3833,6.2511,0.09136
"wfh",2,61.6,-0.3833,6.2758,0.09136
"wfh",2,61.7,-0.3833,6.3004,0.09136
"wfh",2,61.8,-0.3833,6.3249,0.09135
"wfh",2,61.9,-0.3833,6.3494,0.09135
"wfh",2,62,-0.3833,6.3738,0.09135
"wfh",2,62.1,-0.3833,6.3981,0.09135
"wfh",2,62.2,-0.3833,6.4224,0.09134
"wfh",2,62.3,-0.3833,6.4466,0.09134
"wfh",2,62.4,-0.3833,6.4708,0.09134
"wfh",2,62.5,-0.3833,6.4948,0.09133
"wfh",2,62.6,-0.3833,6.5189,0.09133
"wfh",2,62.7,-0.3833,6.5429,0.09133
"wfh",2,62.8,-0.3833,6.5668,0.09132
"wfh",2,62.9,-0.3833,6.5906,0.09132
"wfh",2,63,-0.3833,6.6144,0.09131
"wfh",2,63.1,-0.3833,6.6382,0.09131
"wfh",2,63.2,-0.3833,6.6619,0.0913
"wfh",2,63.3,-0.3833,6.6856,0.0913
"wfh",2,63.4,-0.3833,6.7092,0.09129
"wfh",2,63.5,-0.3833,6.7328,0.09129
"wfh",2,63.6,-0.3833,6.7563,0.09128
"wfh",2,63.7,-0.3833,6.7798,0.09128
"wfh",2,63.8,-0.3833,6.8033,0.09127
"wfh",2,63.9,-0.3833,6.8267,0.09127
"wfh",2,64,-0.3833,6.8501,0.09126
"wfh",2,64.1,-0.3833,6.8734,0.09125
"wfh",2,64.2,-0.3833,6.8967,0.09125
"wfh",2,64.3,-0.3833,6.9199,0.09124
"wfh",2,64.4,-0.3833,6.9431,0.09123
"wfh",2,64.5,-0.3833,6.9662,0.09123
"wfh",2,64.6,-0.3833,6.9893,0.09122
"wfh",2,64.7,-0.3833,7.0124,0.09121
"wfh",2,64.8,-0.3833,7.0354,0.0912
"wfh",2,64.9,-0.3833,7.0583,0.0912
"wfh",2,65,-0.3833,7.0812,0.09119
"wfh",2,65.1,-0.3833,7.1041,0.09118
"wfh",2,65.2,-0.3833,7.1269,0.09117
"wfh",2,65.3,-0.3833,7.1497,0.09116
"wfh",2,65.4,-0.3833,7.1724,0.09116
"wfh",2,65.5,-0.3833,7.195,0.09115
"wfh",2,65.6,-0.3833,7.2177,0.09114
"wfh",2,65.7,-0.3833,7.2402,0.09113
"wfh",2,65.8,-0.3833,7.2627,0.09112
"wfh",2,65.9,-0.3833,7.2852,0.09111
"wfh",2,66,-0.3833,7.3076,0.0911
"wfh",2,66.1,-0.3833,7.33,0.09109
"wfh",2,66.2,-0.3833,7.3523,0.09109
"wfh",2,66.3,-0.3833,7.3745,0.09108
"wfh",2,66.4,-0.3833,7.3967,0.09107
"wfh",2,66.5,-0.3833,7.4189,0.09106
"wfh",2,66.6,-0.3833,7.441,0.09105
"wfh",2,66.7,-0.3833,7.463,0.09104
"wfh",2,66.8,-0.3833,7.485,0.09103
"wfh",2,66.9,-0.3833,7.5069,0.09102
"wfh",2,67,-0.3833,7.5288,0.09101
"wfh",2,67.1,-0.3833,7.5507,0.091
"wfh",2,67.2,-0.3833,7.5724,0.09099
"wfh",2,67.3,-0.3833,7.5942,0.09098
"wfh",2,67.4,-0.3833,7.6158,0.09097
"wfh",2,67.5,-0.3833,7.6375,0.09096
"wfh",2,67.6,-0.3833,7.659,0.09095
"wfh",2,67.7,-0.3833,7.6806,0.09094
"wfh",2,67.8,-0.3833,7.702,0.09093
"wfh",2,67.9,-0.3833,7.7234,0.09091
"wfh",2,68,-0.3833,7.7448,0.0909
"wfh",2,68.1,-0.3833,7.7661,0.09089
"wfh",2,68.2,-0.3833,7.7874,0.09088
"wfh",2,68.3,-0.3833,7.8086,0.09087
"wfh",2,68.4,-0.3833,7.8298,0.09086
"wfh",2,68.5,-0.3833,7.8509,0.09085
"wfh",2,68.6,-0.3833,7.872,0.09084
"wfh",2,68.7,-0.3833,7.893,0.09083
"wfh",2,68.8,-0.3833,7.914,0.09082
"wfh",2,68.9,-0.3833,7.935,0.0908
"wfh",2,69,-0.3833,7.9559,0.09079
"wfh",2,69.1,-0.3833,7.9768,0.09078
"wfh",2,69.2,-0.3833,7.9976,0.09077
"wfh",2,69.3,-0.3833,8.0184,0.09076
"wfh",2,69.4,-0.3833,8.0392,0.09075
"wfh",2,69.5,-0.3833,8.0599,0.09074
"wfh",2,69.6,-0.3833,8.0806,0.09072
"wfh",2,69.7,-0.3833,8.1012,0.09071
"wfh",2,69.8,-0.3833,8.1218,0.0907
"wfh",2,69.9,-0.3833,8.1424,0.09069
"wfh",2,70,-0.3833,8.163,0.09068
"wfh",2,70.1,-0.3833,8.1835,0.09067
"wfh",2,70.2,-0.3833,8.2039,0.09065
"wfh",2,70.3,-0.3833,8.2244,0.09064
"wfh",2,70.4,-0.3833,8.2448,0.09063
"wfh",2,70.5,-0.3833,8.2651,0.09062
"wfh",2,70.6,-0.3833,8.2855,0.09061
"wfh",2,70.7,-0.3833,8.3058,0.09059
"wfh",2,70.8,-0.3833,8.3261,0.09058
"wfh",2,70.9,-0.3833,8.3464,0.09057
"wfh",2,71,-0.3833,8.3666,0.09056
"wfh",2,71.1,-0.3833,8.3869,0.09055
"wfh",2,71.2,-0.3833,8.4071,0.09053
"wfh",2,71.3,-0.3833,8.4273,0.09052
"wfh",2,71.4,-0.3833,8.4474,0.09051
"wfh",2,71.5,-0.3833,8.4676,0.0905
"wfh",2,71.6,-0.3833,8.4877,0.09048
"wfh",2,71.7,-0.3833,8.5078,0.09047
"wfh",2,71.8,-0.3833,8.5278,0.09046
"wfh",2,71.9,-0.3833,8.5479,0.09045
"wfh",2,72,-0.3833,8.5679,0.09043
"wfh",2,72.1,-0.3833,8.5879,0.09042
"wfh",2,72.2,-0.3833,8.6078,0.09041
"wfh",2,72.3,-0.3833,8.6277,0.0904
"wfh",2,72.4,-0.3833,8.6476,0.09039
"wfh",2,72.5,-0.3833,8.6674,0.09037
"wfh",2,72.6,-0.3833,8.6872,0.09036
"wfh",2,72.7,-0.3833,8.707,0.09035
"wfh",2,72.8,-0.3833,8.7267,0.09034
"wfh",2,72.9,-0.3833,8.7464,0.09032
"wfh",2,73,-0.3833,8.7661,0.09031
"wfh",2,73.1,-0.3833,8.7857,0.0903
"wfh",2,73.2,-0.3833,8.8053,0.09028
"wfh",2,73.3,-0.3833,8.8248,0.09027
"wfh",2,73.4,-0.3833,8.8443,0.09026
"wfh",2,73.5,-0.3833,8.8638,0.09025
"wfh",2,73.6,-0.3833,8.8831,0.09023
"wfh",2,73.7,-0.3833,8.9025,0.09022
"wfh",2,73.8,-0.3833,8.9217,0.09021
"wfh",2,73.9,-0.3833,8.941,0.0902
"wfh",2,74,-0.3833,8.9601,0.09018
"wfh",2,74.1,-0.3833,8.9792,0.09017
"wfh",2,74.2,-0.3833,8.9983,0.09016
"wfh",2,74.3,-0.3833,9.0173,0.09014
"wfh",2,74.4,-0.3833,9.0363,0.09013
"wfh",2,74.5,-0.3833,9.0552,0.09012
"wfh",2,74.6,-0.3833,9.074,0.09011
"wfh",2,74.7,-0.3833,9.0928,0.09009
"wfh",2,74.8,-0.3833,9.1116,0.09008
"wfh",2,74.9,-0.3833,9.1303,0.09007
"wfh",2,75,-0.3833,9.149,0.09005
"wfh",2,75.1,-0.3833,9.1676,0.09004
"wfh",2,75.2,-0.3833,9.1862,0.09003
"wfh",2,75.3,-0.3833,9.2048,0.09001
"wfh",2,75.4,-0.3833,9.2233,0.09
"wfh",2,75.5,-0.3833,9.2418,0.08999
"wfh",2,75.6,-0.3833,9.2602,0.08997
"wfh",2,75.7,-0.3833,9.2786,0.08996
"wfh",2,75.8,-0.3833,9.297,0.08995
"wfh",2,75.9,-0.3833,9.3154,0.08993
"wfh",2,76,-0.3833,9.3337,0.08992
"wfh",2,76.1,-0.3833,9.352,0.08991
"wfh",2,76.2,-0.3833,9.3703,0.08989
"wfh",2,76.3,-0.3833,9.3886,0.08988
"wfh",2,76.4,-0.3833,9.4069,0.08987
"wfh",2,76.5,-0.3833,9.4252,0.08985
"wfh",2,76.6,-0.3833,9.4435,0.08984
"wfh",2,76.7,-0.3833,9.4617,0.08983
"wfh",2,76.8,-0.3833,9.48,0.08981
"wfh",2,76.9,-0.3833,9.4983,0.0898
"wfh",2,77,-0.3833,9.5166,0.08979
"wfh",2,77.1,-0.3833,9.535,0.08977
"wfh",2,77.2,-0.3833,9.5533,0.08976
"wfh",2,77.3,-0.3833,9.5717,0.08975
"wfh",2,77.4,-0.3833,9.5901,0.08973
"wfh",2,77.5,-0.3833,9.6086,0.08972
"wfh",2,77.6,-0.3833,9.6271,0.08971
"wfh",2,77.7,-0.3833,9.6456,0.08969
"wfh",2,77.8,-0.3833,9.6642,0.08968
"wfh",2,77.9,-0.3833,9.6828,0.08966
"wfh",2,78,-0.3833,9.7015,0.08965
"wfh",2,78.1,-0.3833,9.7202,0.08964
"wfh",2,78.2,-0.3833,9.739,0.08963
"wfh",2,78.3,-0.3833,9.7578,0.08961
"wfh",2,78.4,-0.3833,9.7767,0.0896
"wfh",2,78.5,-0.3833,9.7957,0.08959
"wfh",2,78.6,-0.3833,9.8147,0.08957
"wfh",2,78.7,-0.3833,9.8338,0.08956
"wfh",2,78.8,-0.3833,9.853,0.08955
"wfh",2,78.9,-0.3833,9.8722,0.08953
"wfh",2,79,-0.3833,9.8915,0.08952
"wfh",2,79.1,-0.3833,9.9109,0.08951
"wfh",2,79.2,-0.3833,9.9303,0.0895
"wfh",2,79.3,-0.3833,9.9499,0.08948
"wfh",2,79.4,-0.3833,9.9695,0.08947
"wfh",2,79.5,-0.3833,9.9892,0.08946
"wfh",2,79.6,-0.3833,10.009,0.08945
"wfh",2,79.7,-0.3833,10.0289,0.08943
"wfh",2,79.8,-0.3833,10.0489,0.08942
"wfh",2,79.9,-0.3833,10.069,0.08941
"wfh",2,80,-0.3833,10.0891,0.0894
"wfh",2,80.1,-0.3833,10.1094,0.08939
"wfh",2,80.2,-0.3833,10.1298,0.08937
"wfh",2,80.3,-0.3833,10.1503,0.08936
"wfh",2,80.4,-0.3833,10.1709,0.08935
"wfh",2,80.5,-0.3833,10.1916,0.08934
"wfh",2,80.6,-0.3833,10.2123,0.08933
"wfh",2,80.7,-0.3833,10.2332,0.08932
"wfh",2,80.8,-0.3833,10.2542,0.0893
"wfh",2,80.9,-0.3833,10.2753,0.08929
"wfh",2,81,-0.3833,10.2965,0.08928
"wfh",2,81.1,-0.3833,10.3178,0.08927
"wfh",2,81.2,-0.3833,10.3393,0.08926
"wfh",2,81.3,-0.3833,10.3608,0.08925
"wfh",2,81.4,-0.3833,10.3824,0.08924
"wfh",2,81.5,-0.3833,10.4041,0.08923
"wfh",2,81.6,-0.3833,10.4258,0.08922
"wfh",2,81.7,-0.3833,10.4477,0.08921
"wfh",2,81.8,-0.3833,10.4697,0.0892
"wfh",2,81.9,-0.3833,10.4918,0.08919
"wfh",2,82,-0.3833,10.514,0.08918
"wfh",2,82.1,-0.3833,10.5363,0.08917
"wfh",2,82.2,-0.3833,10.5586,0.08916
"wfh",2,82.3,-0.3833,10.5811,0.08915
"wfh",2,82.4,-0.3833,10.6037,0.08915
"wfh",2,82.5,-0.3833,10.6263,0.08914
"wfh",2,82.6,-0.3833,10.6491,0.08913
"wfh",2,82.7,-0.3833,10.6719,0.08912
"wfh",2,82.8,-0.3833,10.6948,0.08911
"wfh",2,82.9,-0.3833,10.7178,0.0891
"wfh",2,83,-0.3833,10.741,0.0891
"wfh",2,83.1,-0.3833,10.7641,0.08909
"wfh",2,83.2,-0.3833,10.7874,0.08908
"wfh",2,83.3,-0.3833,10.8108,0.08907
"wfh",2,83.4,-0.3833,10.8343,0.08907
"wfh",2,83.5,-0.3833,10.8578,0.08906
"wfh",2,83.6,-0.3833,10.8814,0.08905
"wfh",2,83.7,-0.3833,10.9051,0.08905
"wfh",2,83.8,-0.3833,10.9289,0.08904
"wfh",2,83.9,-0.3833,10.9527,0.08903
"wfh",2,84,-0.3833,10.9767,0.08903
"wfh",2,84.1,-0.3833,11.0007,0.08902
"wfh",2,84.2,-0.3833,11.0248,0.08902
"wfh",2,84.3,-0.3833,11.0489,0.08901
"wfh",2,84.4,-0.3833,11.0731,0.08901
"wfh",2,84.5,-0.3833,11.0974,0.089
"wfh",2,84.6,-0.3833,11.1218,0.089
"wfh",2,84.7,-0.3833,11.1462,0.08899
"wfh",2,84.8,-0.3833,11.1707,0.08899
"wfh",2,84.9,-0.3833,11.1952,0.08899
"wfh",2,85,-0.3833,11.3934,0.08896
"wfh",2,85.1,-0.3833,11.4183,0.08896
"wfh",2,85.2,-0.3833,11.4434,0.08896
"wfh",2,85.3,-0.3833,11.4684,0.08895
"wfh",2,85.4,-0.3833,11.4935,0.08895
"wfh",2,85.5,-0.3833,11.5186,0.08895
"wfh",2,85.6,-0.3833,11.5437,0.08895
"wfh",2,85.7,-0.3833,11.5689,0.08895
"wfh",2,85.8,-0.3833,11.594,0.08895
"wfh",2,85.9,-0.3833,11.6192,0.08895
"wfh",2,86,-0.3833,11.6444,0.08895
"wfh",2,86.1,-0.3833,11.6696,0.08895
"wfh",2,86.2,-0.3833,11.6948,0.08895
"wfh",2,86.3,-0.3833,11.7201,0.08895
"wfh",2,86.4,-0.3833,11.7453,0.08895
"wfh",2,86.5,-0.3833,11.7705,0.08895
"wfh",2,86.6,-0.3833,11.7957,0.08895
"wfh",2,86.7,-0.3833,11.8209,0.08895
"wfh",2,86.8,-0.3833,11.8461,0.08895
"wfh",2,86.9,-0.3833,11.8713,0.08896
"wfh",2,87,-0.3833,11.8965,0.08896
"wfh",2,87.1,-0.3833,11.9217,0.08896
"wfh",2,87.2,-0.3833,11.9468,0.08896
"wfh",2,87.3,-0.3833,11.972,0.08896
"wfh",2,87.4,-0.3833,11.9971,0.08897
"wfh",2,87.5,-0.3833,12.0223,0.08897
"wfh",2,87.6,-0.3833,12.0474,0.08897
"wfh",2,87.7,-0.3833,12.0725,0.08898
"wfh",2,87.8,-0.3833,12.0976,0.08898
"wfh",2,87.9,-0.3833,12.1227,0.08898
"wfh",2,88,-0.3833,12.1478,0.08899
"wfh",2,88.1,-0.3833,12.1728,0.08899
"wfh",2,88.2,-0.3833,12.1978,0.089
"wfh",2,88.3,-0.3833,12.2229,0.089
"wfh",2,88.4,-0.3833,12.2479,0.08901
"wfh",2,88.5,-0.3833,12.2729,0.08901
"wfh",2,88.6,-0.3833,12.2978,0.08902
"wfh",2,88.7,-0.3833,12.3228,0.08902
"wfh",2,88.8,-0.3833,12.3477,0.08903
"wfh",2,88.9,-0.3833,12.3727,0.08903
"wfh",2,89,-0.3833,12.3976,0.08904
"wfh",2,89.1,-0.3833,12.4225,0.08904
"wfh",2,89.2,-0.3833,12.4474,0.08905
"wfh",2,89.3,-0.3833,12.4723,0.08906
"wfh",2,89.4,-0.3833,12.4971,0.08906
"wfh",2,89.5,-0.3833,12.522,0.08907
"wfh",2,89.6,-0.3833,12.5468,0.08908
"wfh",2,89.7,-0.3833,12.5717,0.08909
"wfh",2,89.8,-0.3833,12.5965,0.08909
"wfh",2,89.9,-0.3833,12.6213,0.0891
"wfh",2,90,-0.3833,12.6461,0.08911
"wfh",2,90.1,-0.3833,12.6709,0.08912
"wfh",2,90.2,-0.3833,12.6957,0.08912
"wfh",2,90.3,-0.3833,12.7205,0.08913
"wfh",2,90.4,-0.3833,12.7453,0.08914
"wfh",2,90.5,-0.3833,12.77,0.08915
"wfh",2,90.6,-0.3833,12.7948,0.08916
"wfh",2,90.7,-0.3833,12.8196,0.08917
"wfh",2,90.8,-0.3833,12.8443,0.08918
"wfh",2,90.9,-0.3833,12.8691,0.08919
"wfh",2,91,-0.3833,12.8939,0.0892
"wfh",2,91.1,-0.3833,12.9186,0.08921
"wfh",2,91.2,-0.3833,12.9434,0.08922
"wfh",2,91.3,-0.3833,12.9681,0.08923
"wfh",2,91.4,-0.3833,12.9929,0.08924
"wfh",2,91.5,-0.3833,13.0177,0.08925
"wfh",2,91.6,-0.3833,13.0424,0.08926
"wfh",2,91.7,-0.3833,13.0672,0.08927
"wfh",2,91.8,-0.3833,13.092,0.08928
"wfh",2,91.9,-0.3833,13.1167,0.0893
"wfh",2,92,-0.3833,13.1415,0.08931
"wfh",2,92.1,-0.3833,13.1663,0.08932
"wfh",2,92.2,-0.3833,13.1911,0.08933
"wfh",2,92.3,-0.3833,13.2158,0.08934
"wfh",2,92.4,-0.3833,13.2406,0.08936
"wfh",2,92.5,-0.3833,13.2654,0.08937
"wfh",2,92.6,-0.3833,13.2902,0.08938
"wfh",2,92.7,-0.3833,13.3151,0.0894
"wfh",2,92.8,-0.3833,13.3399,0.08941
"wfh",2,92.9,-0.3833,13.3647,0.08942
"wfh",2,93,-0.3833,13.3896,0.08944
"wfh",2,93.1,-0.3833,13.4145,0.08945
"wfh",2,93.2,-0.3833,13.4394,0.08947
"wfh",2,93.3,-0.3833,13.4643,0.08948
"wfh",2,93.4,-0.3833,13.4892,0.08949
"wfh",2,93.5,-0.3833,13.5142,0.08951
"wfh",2,93.6,-0.3833,13.5391,0.08952
"wfh",2,93.7,-0.3833,13.5641,0.08954
"wfh",2,93.8,-0.3833,13.5892,0.08955
"wfh",2,93.9,-0.3833,13.6142,0.08957
"wfh",2,94,-0.3833,13.6393,0.08959
"wfh",2,94.1,-0.3833,13.6644,0.0896
"wfh",2,94.2,-0.3833,13.6895,0.08962
"wfh",2,94.3,-0.3833,13.7146,0.08963
"wfh",2,94.4,-0.3833,13.7398,0.08965
"wfh",2,94.5,-0.3833,13.765,0.08967
"wfh",2,94.6,-0.3833,13.7902,0.08968
"wfh",2,94.7,-0.3833,13.8155,0.0897
"wfh",2,94.8,-0.3833,13.8408,0.08972
"wfh",2,94.9,-0.3833,13.8661,0.08974
"wfh",2,95,-0.3833,13.8914,0.08975
"wfh",2,95.1,-0.3833,13.9168,0.08977
"wfh",2,95.2,-0.3833,13.9422,0.08979
"wfh",2,95.3,-0.3833,13.9676,0.08981
"wfh",2,95.4,-0.3833,13.9931,0.08983
"wfh",2,95.5,-0.3833,14.0186,0.08984
"wfh",2,95.6,-0.3833,14.0441,0.08986
"wfh",2,95.7,-0.3833,14.0697,0.08988
"wfh",2,95.8,-0.3833,14.0953,0.0899
"wfh",2,95.9,-0.3833,14.1209,0.08992
"wfh",2,96,-0.3833,14.1466,0.08994
"wfh",2,96.1,-0.3833,14.1724,0.08996
"wfh",2,96.2,-0.3833,14.1981,0.08998
"wfh",2,96.3,-0.3833,14.2239,0.09
"wfh",2,96.4,-0.3833,14.2498,0.09002
"wfh",2,96.5,-0.3833,14.2757,0.09004
"wfh",2,96.6,-0.3833,14.3016,0.09006
"wfh",2,96.7,-0.3833,14.3276,0.09008
"wfh",2,96.8,-0.3833,14.3537,0.0901
"wfh",2,96.9,-0.3833,14.3798,0.09012
"wfh",2,97,-0.3833,14.4059,0.09015
"wfh",2,97.1,-0.3833,14.4321,0.09017
"wfh",2,97.2,-0.3833,14.4584,0.09019
"wfh",2,97.3,-0.3833,14.4848,0.09021
"wfh",2,97.4,-0.3833,14.5112,0.09023
"wfh",2,97.5,-0.3833,14.5376,0.09026
"wfh",2,97.6,-0.3833,14.5642,0.09028
"wfh",2,97.7,-0.3833,14.5908,0.0903
"wfh",2,97.8,-0.3833,14.6174,0.09033
"wfh",2,97.9,-0.3833,14.6442,0.09035
"wfh",2,98,-0.3833,14.671,0.09037
"wfh",2,98.1,-0.3833,14.6979,0.0904
"wfh",2,98.2,-0.3833,14.7248,0.09042
"wfh",2,98.3,-0.3833,14.7519,0.09044
"wfh",2,98.4,-0.3833,14.779,0.09047
"wfh",2,98.5,-0.3833,14.8062,0.09049
"wfh",2,98.6,-0.3833,14.8334,0.09052
"wfh",2,98.7,-0.3833,14.8608,0.09054
"wfh",2,98.8,-0.3833,14.8882,0.09057
"wfh",2,98.9,-0.3833,14.9157,0.09059
"wfh",2,99,-0.3833,14.9434,0.09062
"wfh",2,99.1,-0.3833,14.9711,0.09064
"wfh",2,99.2,-0.3833,14.9989,0.09067
"wfh",2,99.3,-0.3833,15.0267,0.09069
"wfh",2,99.4,-0.3833,15.0547,0.09072
"wfh",2,99.5,-0.3833,15.0828,0.09075
"wfh",2,99.6,-0.3833,15.1109,0.09077
"wfh",2,99.7,-0.3833,15.1392,0.0908
"wfh",2,99.8,-0.3833,15.1676,0.09083
"wfh",2,99.9,-0.3833,15.196,0.09085
"wfh",2,100,-0.3833,15.2246,0.09088
"wfh",2,100.1,-0.3833,15.2532,0.09091
"wfh",2,100.2,-0.3833,15.2819,0.09093
"wfh",2,100.3,-0.3833,15.3108,0.09096
"wfh",2,100.4,-0.3833,15.3397,0.09099
"wfh",2,100.5,-0.3833,15.3687,0.09102
"wfh",2,100.6,-0.3833,15.3979,0.09105
"wfh",2,100.7,-0.3833,15.4271,0.09107
"wfh",2,100.8,-0.3833,15.4564,0.0911
"wfh",2,100.9,-0.3833,15.4858,0.09113
"wfh",2,101,-0.3833,15.5154,0.09116
"wfh",2,101.1,-0.3833,15.545,0.09119
"wfh",2,101.2,-0.3833,15.5747,0.09122
"wfh",2,101.3,-0.3833,15.6046,0.09125
"wfh",2,101.4,-0.3833,15.6345,0.09128
"wfh",2,101.5,-0.3833,15.6646,0.09131
"wfh",2,101.6,-0.3833,15.6947,0.09133
"wfh",2,101.7,-0.3833,15.725,0.09136
"wfh",2,101.8,-0.3833,15.7553,0.09139
"wfh",2,101.9,-0.3833,15.7858,0.09142
"wfh",2,102,-0.3833,15.8164,0.09146
"wfh",2,102.1,-0.3833,15.847,0.09149
"wfh",2,102.2,-0.3833,15.8778,0.09152
"wfh",2,102.3,-0.3833,15.9087,0.09155
"wfh",2,102.4,-0.3833,15.9396,0.09158
"wfh",2,102.5,-0.3833,15.9707,0.09161
"wfh",2,102.6,-0.3833,16.0019,0.09164
"wfh",2,102.7,-0.3833,16.0332,0.09167
"wfh",2,102.8,-0.3833,16.0645,0.0917
"wfh",2,102.9,-0.3833,16.096,0.09173
"wfh",2,103,-0.3833,16.1276,0.09177
"wfh",2,103.1,-0.3833,16.1593,0.0918
"wfh",2,103.2,-0.3833,16.191,0.09183
"wfh",2,103.3,-0.3833,16.2229,0.09186
"wfh",2,103.4,-0.3833,16.2549,0.0919
"wfh",2,103.5,-0.3833,16.287,0.09193
"wfh",2,103.6,-0.3833,16.3191,0.09196
"wfh",2,103.7,-0.3833,16.3514,0.09199
"wfh",2,103.8,-0.3833,16.3837,0.09203
"wfh",2,103.9,-0.3833,16.4162,0.09206
"wfh",2,104,-0.3833,16.4488,0.09209
"wfh",2,104.1,-0.3833,16.4814,0.09213
"wfh",2,104.2,-0.3833,16.5142,0.09216
"wfh",2,104.3,-0.3833,16.547,0.09219
"wfh",2,104.4,-0.3833,16.58,0.09223
"wfh",2,104.5,-0.3833,16.6131,0.09226
"wfh",2,104.6,-0.3833,16.6462,0.09229
"wfh",2,104.7,-0.3833,16.6795,0.09233
"wfh",2,104.8,-0.3833,16.7129,0.09236
"wfh",2,104.9,-0.3833,16.7464,0.0924
"wfh",2,105,-0.3833,16.78,0.09243
"wfh",2,105.1,-0.3833,16.8137,0.09247
"wfh",2,105.2,-0.3833,16.8475,0.0925
"wfh",2,105.3,-0.3833,16.8814,0.09254
"wfh",2,105.4,-0.3833,16.9154,0.09257
"wfh",2,105.5,-0.3833,16.9496,0.09261
"wfh",2,105.6,-0.3833,16.9838,0.09264
"wfh",2,105.7,-0.3833,17.0182,0.09268
"wfh",2,105.8,-0.3833,17.0527,0.09271
"wfh",2,105.9,-0.3833,17.0873,0.09275
"wfh",2,106,-0.3833,17.122,0.09278
"wfh",2,106.1,-0.3833,17.1569,0.09282
"wfh",2,106.2,-0.3833,17.1918,0.09286
"wfh",2,106.3,-0.3833,17.2269,0.09289
"wfh",2,106.4,-0.3833,17.262,0.09293
"wfh",2,106.5,-0.3833,17.2973,0.09296
"wfh",2,106.6,-0.3833,17.3327,0.093
"wfh",2,106.7,-0.3833,17.3683,0.09304
"wfh",2,106.8,-0.3833,17.4039,0.09307
"wfh",2,106.9,-0.3833,17.4397,0.09311
"wfh",2,107,-0.3833,17.4755,0.09315
"wfh",2,107.1,-0.3833,17.5115,0.09318
"wfh",2,107.2,-0.3833,17.5476,0.09322
"wfh",2,107.3,-0.3833,17.5839,0.09326
"wfh",2,107.4,-0.3833,17.6202,0.09329
"wfh",2,107.5,-0.3833,17.6567,0.09333
"wfh",2,107.6,-0.3833,17.6932,0.09337
"wfh",2,107.7,-0.3833,17.7299,0.09341
"wfh",2,107.8,-0.3833,17.7668,0.09344
"wfh",2,107.9,-0.3833,17.8037,0.09348
"wfh",2,108,-0.3833,17.8407,0.09352
"wfh",2,108.1,-0.3833,17.8779,0.09356
"wfh",2,108.2,-0.3833,17.9152,0.09359
"wfh",2,108.3,-0.3833,17.9526,0.09363
"wfh",2,108.4,-0.3833,17.9901,0.09367
"wfh",2,108.5,-0.3833,18.0277,0.09371
"wfh",2,108.6,-0.3833,18.0654,0.09375
"wfh",2,108.7,-0.3833,18.1033,0.09378
"wfh",2,108.8,-0.3833,18.1412,0.09382
"wfh",2,108.9,-0.3833,18.1792,0.09386
"wfh",2,109,-0.3833,18.2174,0.0939
"wfh",2,109.1,-0.3833,18.2556,0.09394
"wfh",2,109.2,-0.3833,18.294,0.09397
"wfh",2,109.3,-0.3833,18.3324,0.09401
"wfh",2,109.4,-0.3833,18.371,0.09405
"wfh",2,109.5,-0.3833,18.4096,0.09409
"wfh",2,109.6,-0.3833,18.4484,0.09413
"wfh",2,109.7,-0.3833,18.4872,0.09417
"wfh",2,109.8,-0.3833,18.5262,0.09421
"wfh",2,109.9,-0.3833,18.5652,0.09424
"wfh",2,110,-0.3833,18.6043,0.09428
"wfh",2,110.1,-0.3833,18.6436,0.09432
"wfh",2,110.2,-0.3833,18.6829,0.09436
"wfh",2,110.3,-0.3833,18.7223,0.0944
"wfh",2,110.4,-0.3833,18.7618,0.09444
"wfh",2,110.5,-0.3833,18.8015,0.09448
"wfh",2,110.6,-0.3833,18.8412,0.09452
"wfh",2,110.7,-0.3833,18.8809,0.09456
"wfh",2,110.8,-0.3833,18.9208,0.0946
"wfh",2,110.9,-0.3833,18.9608,0.09464
"wfh",2,111,-0.3833,19.0009,0.09467
"wfh",2,111.1,-0.3833,19.041,0.09471
"wfh",2,111.2,-0.3833,19.0812,0.09475
"wfh",2,111.3,-0.3833,19.1215,0.09479
"wfh",2,111.4,-0.3833,19.1619,0.09483
"wfh",2,111.5,-0.3833,19.2024,0.09487
"wfh",2,111.6,-0.3833,19.243,0.09491
"wfh",2,111.7,-0.3833,19.2836,0.09495
"wfh",2,111.8,-0.3833,19.3243,0.09499
"wfh",2,111.9,-0.3833,19.3651,0.09503
"wfh",2,112,-0.3833,19.406,0.09507
"wfh",2,112.1,-0.3833,19.447,0.09511
"wfh",2,112.2,-0.3833,19.488,0.09515
"wfh",2,112.3,-0.3833,19.5291,0.09519
"wfh",2,112.4,-0.3833,19.5703,0.09523
"wfh",2,112.5,-0.3833,19.6116,0.09527
"wfh",2,112.6,-0.3833,19.6529,0.09531
"wfh",2,112.7,-0.3833,19.6943,0.09534
"wfh",2,112.8,-0.3833,19.7358,0.09538
"wfh",2,112.9,-0.3833,19.7774,0.09542
"wfh",2,113,-0.3833,19.819,0.09546
"wfh",2,113.1,-0.3833,19.8607,0.0955
"wfh",2,113.2,-0.3833,19.9024,0.09554
"wfh",2,113.3,-0.3833,19.9442,0.09558
"wfh",2,113.4,-0.3833,19.9861,0.09562
"wfh",2,113.5,-0.3833,20.028,0.09566
"wfh",2,113.6,-0.3833,20.07,0.0957
"wfh",2,113.7,-0.3833,20.112,0.09574
"wfh",2,113.8,-0.3833,20.1541,0.09578
"wfh",2,113.9,-0.3833,20.1963,0.09582
"wfh",2,114,-0.3833,20.2385,0.09586
"wfh",2,114.1,-0.3833,20.2807,0.0959
"wfh",2,114.2,-0.3833,20.323,0.09594
"wfh",2,114.3,-0.3833,20.3653,0.09598
"wfh",2,114.4,-0.3833,20.4077,0.09602
"wfh",2,114.5,-0.3833,20.4502,0.09606
"wfh",2,114.6,-0.3833,20.4926,0.0961
"wfh",2,114.7,-0.3833,20.5351,0.09614
"wfh",2,114.8,-0.3833,20.5777,0.09618
"wfh",2,114.9,-0.3833,20.6203,0.09622
"wfh",2,115,-0.3833,20.6629,0.09626
"wfh",2,115.1,-0.3833,20.7056,0.0963
"wfh",2,115.2,-0.3833,20.7483,0.09634
"wfh",2,115.3,-0.3833,20.791,0.09638
"wfh",2,115.4,-0.3833,20.8338,0.09642
"wfh",2,115.5,-0.3833,20.8766,0.09646
"wfh",2,115.6,-0.3833,20.9194,0.0965
"wfh",2,115.7,-0.3833,20.9622,0.09654
"wfh",2,115.8,-0.3833,21.0051,0.09658
"wfh",2,115.9,-0.3833,21.048,0.09662
"wfh",2,116,-0.3833,21.0909,0.09666
"wfh",2,116.1,-0.3833,21.1339,0.0967
"wfh",2,116.2,-0.3833,21.1769,0.09674
"wfh",2,116.3,-0.3833,21.2199,0.09678
"wfh",2,116.4,-0.3833,21.2629,0.09682
"wfh",2,116.5,-0.3833,21.3059,0.09686
"wfh",2,116.6,-0.3833,21.3489,0.09691
"wfh",2,116.7,-0.3833,21.392,0.09695
"wfh",2,116.8,-0.3833,21.4351,0.09699
"wfh",2,116.9,-0.3833,21.4782,0.09703
"wfh",2,117,-0.3833,21.5213,0.09707
"wfh",2,117.1,-0.3833,21.5644,0.09711
"wfh",2,117.2,-0.3833,21.6075,0.09715
"wfh",2,117.3,-0.3833,21.6507,0.09719
"wfh",2,117.4,-0.3833,21.6938,0.09723
"wfh",2,117.5,-0.3833,21.737,0.09727
"wfh",2,117.6,-0.3833,21.7802,0.09731
"wfh",2,117.7,-0.3833,21.8233,0.09735
"wfh",2,117.8,-0.3833,21.8665,0.09739
"wfh",2,117.9,-0.3833,21.9097,0.09743
"wfh",2,118,-0.3833,21.9529,0.09747
"wfh",2,118.1,-0.3833,21.9961,0.09751
"wfh",2,118.2,-0.3833,22.0393,0.09755
"wfh",2,118.3,-0.3833,22.0825,0.09759
"wfh",2,118.4,-0.3833,22.1258,0.09763
"wfh",2,118.5,-0.3833,22.169,0.09767
"wfh",2,118.6,-0.3833,22.2122,0.09771
"wfh",2,118.7,-0.3833,22.2554,0.09775
"wfh",2,118.8,-0.3833,22.2986,0.0978
"wfh",2,118.9,-0.3833,22.3419,0.09784
"wfh",2,119,-0.3833,22.3851,0.09788
"wfh",2,119.1,-0.3833,22.4283,0.09792
"wfh",2,119.2,-0.3833,22.4715,0.09796
"wfh",2,119.3,-0.3833,22.5148,0.098
"wfh",2,119.4,-0.3833,22.558,0.09804
"wfh",2,119.5,-0.3833,22.6012,0.09808
"wfh",2,119.6,-0.3833,22.6444,0.09812
"wfh",2,119.7,-0.3833,22.6877,0.09816
"wfh",2,119.8,-0.3833,22.7309,0.0982
"wfh",2,119.9,-0.3833,22.7741,0.09824
"wfh",2,120,-0.3833,22.8173,0.09828
"hfa",1,0,1,49.8842,0.03795
"hfa",1,1,1,54.7244,0.03557
"hfa",1,2,1,58.4249,0.03424
"hfa",1,3,1,61.4292,0.03328
"hfa",1,4,1,63.886,0.03257
"hfa",1,5,1,65.9026,0.03204
"hfa",1,6,1,67.6236,0.03165
"hfa",1,7,1,69.1645,0.03139
"hfa",1,8,1,70.5994,0.03124
"hfa",1,9,1,71.9687,0.03117
"hfa",1,10,1,73.2812,0.03118
"hfa",1,11,1,74.5388,0.03125
"hfa",1,12,1,75.7488,0.03137
"hfa",1,13,1,76.9186,0.03154
"hfa",1,14,1,78.0497,0.03174
"hfa",1,15,1,79.1458,0.03197
"hfa",1,16,1,80.2113,0.03222
"hfa",1,17,1,81.2487,0.0325
"hfa",1,18,1,82.2587,0.03279
"hfa",1,19,1,83.2418,0.0331
"hfa",1,20,1,84.1996,0.03342
"hfa",1,21,1,85.1348,0.03376
"hfa",1,22,1,86.0477,0.0341
"hfa",1,23,1,86.941,0.03445
"hfa",1,24,1,87.1161,0.03507
"hfa",1,25,1,87.972,0.03542
"hfa",1,26,1,88.8065,0.03576
"hfa",1,27,1,89.6197,0.0361
"hfa",1,28,1,90.412,0.03642
"hfa",1,29,1,91.1828,0.03674
"hfa",1,30,1,91.9327,0.03704
"hfa",1,31,1,92.6631,0.03733
"hfa",1,32,1,93.3753,0.03761
"hfa",1,33,1,94.0711,0.03787
"hfa",1,34,1,94.7532,0.03812
"hfa",1,35,1,95.4236,0.03836
"hfa",1,36,1,96.0835,0.03858
"hfa",1,37,1,96.7337,0.03879
"hfa",1,38,1,97.3749,0.039
"hfa",1,39,1,98.0073,0.03919
"hfa",1,40,1,98.631,0.03937
"hfa",1,41,1,99.2459,0.03954
"hfa",1,42,1,99.8515,0.03971
"hfa",1,43,1,100.4485,0.03986
"hfa",1,44,1,101.0374,0.04002
"hfa",1,45,1,101.6186,0.04016
"hfa",1,46,1,102.1933,0.04031
"hfa",1,47,1,102.7625,0.04045
"hfa",1,48,1,103.3273,0.04059
"hfa",1,49,1,103.8886,0.04073
"hfa",1,50,1,104.4473,0.04086
"hfa",1,51,1,105.0041,0.041
"hfa",1,52,1,105.5596,0.04113
"hfa",1,53,1,106.1138,0.04126
"hfa",1,54,1,106.6668,0.04139
"hfa",1,55,1,107.2188,0.04152
"hfa",1,56,1,107.7697,0.04165
"hfa",1,57,1,108.3198,0.04177
"hfa",1,58,1,108.8689,0.0419
"hfa",1,59,1,109.417,0.04202
"hfa",1,60,1,109.9638,0.04214
"hfa",2,0,1,49.1477,0.0379
"hfa",2,1,1,53.6872,0.0364
"hfa",2,2,1,57.0673,0.03568
"hfa",2,3,1,59.8029,0.0352
"hfa",2,4,1,62.0899,0.03486
"hfa",2,5,1,64.0301,0.03463
"hfa",2,6,1,65.7311,0.03448
"hfa",2,7,1,67.2873,0.03441
"hfa",2,8,1,68.7498,0.0344
"hfa",2,9,1,70.1435,0.03444
"hfa",2,10,1,71.4818,0.03452
"hfa",2,11,1,72.771,0.03464
"hfa",2,12,1,74.015,0.03479
"hfa",2,13,1,75.2176,0.03496
"hfa",2,14,1,76.3817,0.03514
"hfa",2,15,1,77.5099,0.03534
"hfa",2,16,1,78.6055,0.03555
"hfa",2,17,1,79.671,0.03576
"hfa",2,18,1,80.7079,0.03598
"hfa",2,19,1,81.7182,0.0362
"hfa",2,20,1,82.7036,0.03643
"hfa",2,21,1,83.6654,0.03666
"hfa",2,22,1,84.604,0.03688
"hfa",2,23,1,85.5202,0.03711
"hfa",2,24,1,85.7153,0.03764
"hfa",2,25,1,86.5904,0.03786
"hfa",2,26,1,87.4462,0.03808
"hfa",2,27,1,88.283,0.0383
"hfa",2,28,1,89.1004,0.03851
"hfa",2,29,1,89.8991,0.03872
"hfa",2,30,1,90.6797,0.03893
"hfa",2,31,1,91.443,0.03913
"hfa",2,32,1,92.1906,0.03933
"hfa",2,33,1,92.9239,0.03952
"hfa",2,34,1,93.6444,0.03971
"hfa",2,35,1,94.3533,0.03989
"hfa",2,36,1,95.0515,0.04006
"hfa",2,37,1,95.7399,0.04024
"hfa",2,38,1,96.4187,0.04041
"hfa",2,39,1,97.0885,0.04057
"hfa",2,40,1,97.7493,0.04073
"hfa",2,41,1,98.4015,0.04089
"hfa",2,42,1,99.0448,0.04105
"hfa",2,43,1,99.6795,0.0412
"hfa",2,44,1,100.3058,0.04135
"hfa",2,45,1,100.9238,0.0415
"hfa",2,46,1,101.5337,0.04164
"hfa",2,47,1,102.136,0.04179
"hfa",2,48,1,102.7312,0.04193
"hfa",2,49,1,103.3197,0.04206
"hfa",2,50,1,103.9021,0.0422
"hfa",2,51,1,104.4786,0.04233
"hfa",2,52,1,105.0494,0.04246
"hfa",2,53,1,105.6148,0.04259
"hfa",2,54,1,106.1748,0.04272
"hfa",2,55,1,106.7295,0.04285
"hfa",2,56,1,107.2788,0.04298
"hfa",2,57,1,107.8227,0.0431
"hfa",2,58,1,108.3613,0.04322
"hfa",2,59,1,108.8948,0.04334
"hfa",2,60,1,109.4233,0.04347
"wfa",1,0,0.3487,3.3464,0.14602
"wfa",1,1,0.2297,4.4709,0.13395
"wfa",1,2,0.197,5.5675,0.12385
"wfa",1,3,0.1738,6.3762,0.11727
"wfa",1,4,0.1553,7.0023,0.11316
"wfa",1,5,0.1395,7.5105,0.1108
"wfa",1,6,0.1257,7.934,0.10958
"wfa",1,7,0.1134,8.297,0.10902
"wfa",1,8,0.1021,8.6151,0.10882
"wfa",1,9,0.0917,8.9014,0.10881
"wfa",1,10,0.082,9.1649,0.10891
"wfa",1,11,0.073,9.4122,0.10906
"wfa",1,12,0.0644,9.6479,0.10925
"wfa",1,13,0.0563,9.8749,0.10949
"wfa",1,14,0.0487,10.0953,0.10976
"wfa",1,15,0.0413,10.3108,0.11007
"wfa",1,16,0.0343,10.5228,0.11041
"wfa",1,17,0.0275,10.7319,0.11079
"wfa",1,18,0.0211,10.9385,0.11119
"wfa",1,19,0.0148,11.143,0.11164
"wfa",1,20,0.0087,11.3462,0.11211
"wfa",1,21,0.0029,11.5486,0.11261
"wfa",1,22,-0.0028,11.7504,0.11314
"wfa",1,23,-0.0083,11.9514,0.11369
"wfa",1,24,-0.0137,12.1515,0.11426
"wfa",1,25,-0.0189,12.3502,0.11485
"wfa",1,26,-0.024,12.5466,0.11544
"wfa",1,27,-0.0289,12.7401,0.11604
"wfa",1,28,-0.0337,12.9303,0.11664
"wfa",1,29,-0.0385,13.1169,0.11723
"wfa",1,30,-0.0431,13.3,0.11781
"wfa",1,31,-0.0476,13.4798,0.11839
"wfa",1,32,-0.052,13.6567,0.11896
"wfa",1,33,-0.0564,13.8309,0.11953
"wfa",1,34,-0.0606,14.0031,0.12008
"wfa",1,35,-0.0648,14.1736,0.12062
"wfa",1,36,-0.0689,14.3429,0.12116
"wfa",1,37,-0.0729,14.5113,0.12168
"wfa",1,38,-0.0769,14.6791,0.1222
"wfa",1,39,-0.0808,14.8466,0.12271
"wfa",1,40,-0.0846,15.014,0.12322
"wfa",1,41,-0.0883,15.1813,0.12373
"wfa",1,42,-0.092,15.3486,0.12425
"wfa",1,43,-0.0957,15.5158,0.12478
"wfa",1,44,-0.0993,15.6828,0.12531
"wfa",1,45,-0.1028,15.8497,0.12586
"wfa",1,46,-0.1063,16.0163,0.12643
"wfa",1,47,-0.1097,16.1827,0.127
"wfa",1,48,-0.1131,16.3489,0.12759
"wfa",1,49,-0.1165,16.515,0.12819
"wfa",1,50,-0.1198,16.6811,0.1288
"wfa",1,51,-0.123,16.8471,0.12943
"wfa",1,52,-0.1262,17.0132,0.13005
"wfa",1,53,-0.1294,17.1792,0.13069
"wfa",1,54,-0.1325,17.3452,0.13133
"wfa",1,55,-0.1356,17.5111,0.13197
"wfa",1,56,-0.1387,17.6768,0.13261
"wfa",1,57,-0.1417,17.8422,0.13325
"wfa",1,58,-0.1447,18.0073,0.13389
"wfa",1,59,-0.1477,18.1722,0.13453
"wfa",1,60,-0.1506,18.3366,0.13517
"wfa",2,0,0.3809,3.2322,0.14171
"wfa",2,1,0.1714,4.1873,0.13724
"wfa",2,2,0.0962,5.1282,0.13
"wfa",2,3,0.0402,5.8458,0.12619
"wfa",2,4,-0.005,6.4237,0.12402
"wfa",2,5,-0.043,6.8985,0.12274
"wfa",2,6,-0.0756,7.297,0.12204
"wfa",2,7,-0.1039,7.6422,0.12178
"wfa",2,8,-0.1288,7.9487,0.12181
"wfa",2,9,-0.1507,8.2254,0.12199
"wfa",2,10,-0.17,8.48,0.12223
"wfa",2,11,-0.1872,8.7192,0.12247
"wfa",2,12,-0.2024,8.9481,0.12268
"wfa",2,13,-0.2158,9.1699,0.12283
"wfa",2,14,-0.2278,9.387,0.12294
"wfa",2,15,-0.2384,9.6008,0.12299
"wfa",2,16,-0.2478,9.8124,0.12303
"wfa",2,17,-0.2562,10.0226,0.12306
"wfa",2,18,-0.2637,10.2315,0.12309
"wfa",2,19,-0.2703,10.4393,0.12315
"wfa",2,20,-0.2762,10.6464,0.12323
"wfa",2,21,-0.2815,10.8534,0.12335
"wfa",2,22,-0.2862,11.0608,0.1235
"wfa",2,23,-0.2903,11.2688,0.12369
"wfa",2,24,-0.2941,11.4775,0.1239
"wfa",2,25,-0.2975,11.6864,0.12414
"wfa",2,26,-0.3005,11.8947,0.12441
"wfa",2,27,-0.3032,12.1015,0.12472
"wfa",2,28,-0.3057,12.3059,0.12506
"wfa",2,29,-0.308,12.5073,0.12545
"wfa",2,30,-0.3101,12.7055,0.12587
"wfa",2,31,-0.312,12.9006,0.12633
"wfa",2,32,-0.3138,13.093,0.12683
"wfa",2,33,-0.3155,13.2837,0.12737
"wfa",2,34,-0.3171,13.4731,0.12794
"wfa",2,35,-0.3186,13.6618,0.12855
"wfa",2,36,-0.3201,13.8503,0.12919
"wfa",2,37,-0.3216,14.0385,0.12988
"wfa",2,38,-0.323,14.2265,0.13059
"wfa",2,39,-0.3243,14.414,0.13135
"wfa",2,40,-0.3257,14.601,0.13213
"wfa",2,41,-0.327,14.7873,0.13293
"wfa",2,42,-0.3283,14.9727,0.13376
"wfa",2,43,-0.3296,15.1573,0.1346
"wfa",2,44,-0.3309,15.341,0.13545
"wfa",2,45,-0.3322,15.524,0.1363
"wfa",2,46,-0.3335,15.7064,0.13716
"wfa",2,47,-0.3348,15.8882,0.138
"wfa",2,48,-0.3361,16.0697,0.13884
"wfa",2,49,-0.3374,16.2511,0.13968
"wfa",2,50,-0.3387,16.4322,0.14051
"wfa",2,51,-0.34,16.6133,0.14132
"wfa",2,52,-0.3414,16.7942,0.14213
"wfa",2,53,-0.3427,16.9748,0.14293
"wfa",2,54,-0.344,17.1551,0.14371
"wfa",2,55,-0.3453,17.3347,0.14448
"wfa",2,56,-0.3466,17.5136,0.14525
"wfa",2,57,-0.3479,17.6916,0.146
"wfa",2,58,-0.3492,17.8686,0.14675
"wfa",2,59,-0.3505,18.0445,0.14748
"wfa",2,60,-0.3518,18.2193,0.14821
